"","temp","atemp","hum","windspeed","registered","casual","cnt","season"
"1",3.94958687170071e-05,4.17288271746615e-05,9.24756713334863e-05,1.8412439752123e-05,0.0750516410374111,0.0379848519623594,985,1
"2",4.17119577691072e-05,4.05943309616709e-05,7.98814551296764e-05,2.85218039935736e-05,0.0768877668120266,0.0150332797796649,801,1
"3",2.25343126004131e-05,2.17357126463163e-05,5.01805141152169e-05,2.84954096855635e-05,0.141037411062658,0.0137709433096167,1349,1
"4",2.29515721826945e-05,2.43426669726876e-05,6.77570576084462e-05,1.8395226072986e-05,0.166857929768189,0.012393848978655,1562,1
"5",2.6045099839339e-05,2.63105347716319e-05,5.01442506311682e-05,2.1448244204728e-05,0.174202432866651,0.00941014459490475,1600,1
"6",2.34505393619463e-05,2.676256598577e-05,5.94745237548772e-05,1.02783107642874e-05,0.174202432866651,0.0100986917603856,1606,1
"7",2.25524443424375e-05,2.39659169153087e-05,5.72292862061051e-05,1.93626348404866e-05,0.15630020656415,0.0169841634151939,1510,1
"8",1.8935047050723e-05,1.86199219646546e-05,6.14910488868488e-05,3.06178563231581e-05,0.102249254073904,0.00780353454211613,959,1
"9",1.58747991737434e-05,1.33319944916227e-05,4.98240761992197e-05,4.15366077576314e-05,0.0881340371815469,0.00619692448932752,822,1
"10",1.73092724351618e-05,1.7315584117512e-05,5.54185219187514e-05,2.56216433325683e-05,0.146890061969245,0.00470507229745238,1321,1
"11",1.940452145972e-05,2.19719990819371e-05,7.87656644480147e-05,1.40156070690842e-05,0.140004590314437,0.00493458801927932,1263,1
"12",1.98217810420014e-05,1.84155382143677e-05,6.88025017213679e-05,3.49583428964884e-05,0.130479687858618,0.00286894652283681,1162,1
"13",1.8935047050723e-05,1.73150103282075e-05,5.3984048657333e-05,3.45421161349552e-05,0.15698875372963,0.00436079871471196,1406,1
"14",1.84610970851503e-05,2.16218728482901e-05,6.17197613036493e-05,1.45223777828781e-05,0.156873995868717,0.00619692448932752,1421,1
"15",2.67767959605233e-05,2.84728023869635e-05,5.72354831305944e-05,1.81274959834749e-05,0.117741565297223,0.0254762451227909,1248,1
"16",2.65856093642415e-05,2.68782419095708e-05,5.55141152168924e-05,2.16241680055084e-05,0.109364241450539,0.0288042230892816,1204,1
"17",2.01782189579986e-05,2.02858618315355e-05,6.16823502409915e-05,2.22649759008492e-05,0.101331191186596,0.0134266697268763,1000,1
"18",2.48642414505394e-05,2.66620380996098e-05,9.88830617397292e-05,1.68435850355749e-05,0.0773467982556805,0.00103282074822125,683,1
"19",3.35292632545329e-05,3.42462703695203e-05,8.51203809960982e-05,2.39060133119119e-05,0.180399357355979,0.00895111315125086,1650,1
"20",3.00283451916456e-05,2.92689924259812e-05,6.17779435391324e-05,2.24815239843929e-05,0.211613495524443,0.00952490245581822,1927,1
"21",2.03695203121414e-05,1.81125774615561e-05,5.24538673399128e-05,4.05372963047969e-05,0.168464539820978,0.00860683956851044,1543,1
"22",6.785678218958e-06,9.07385815928391e-06,4.5903144365389e-05,1.97349093412899e-05,0.101904980491164,0.0106724810649529,981,1
"23",1.10766238237319e-05,1.13425636906128e-05,5.00943309616709e-05,2.82992885012623e-05,0.0959375717236631,0.0172136791370209,986,1
"24",1.11764172595823e-05,1.35333945375258e-05,5.64309157677301e-05,1.81696121184301e-05,0.152627955014919,0.00986917603855864,1416,1
"25",2.5645857241221e-05,2.69137020885931e-05,7.08006655955933e-05,1.48951113151251e-05,0.206449391783337,0.0213449621299059,1985,1
"26",2.49598347486803e-05,2.3364700481983e-05,9.89786550378701e-05,3.37215974294239e-05,0.0541657103511591,0.00390176727105807,506,1
"27",2.23777828781272e-05,2.52123020426899e-05,7.88960293780124e-05,1.3063690612807e-05,0.0477392701400046,0.00172136791370209,431,1
"28",2.33507000229516e-05,2.5627381225614e-05,9.1007918292403e-05,1.41496442506312e-05,0.129561624971311,0.00436079871471196,1167,1
"29",2.25524443424375e-05,2.43431260041313e-05,7.47921735138857e-05,1.66817764516869e-05,0.111888914390636,0.0141152168923571,1098,1
"30",2.48476015607069e-05,2.87264172595823e-05,8.28751434473261e-05,8.49008492081708e-06,0.10970851503328,0.0160661005278862,1096,1
"31",2.0752008262566e-05,2.13736515951343e-05,6.92850585265091e-05,2.14817535001148e-05,0.167431719072756,0.00481983015836585,1501,1
"32",2.20534771631857e-05,2.69141611200367e-05,9.51991048886849e-05,6.10661005278862e-06,0.150677071379389,0.00539361946293321,1360,1
"33",2.98370438375029e-05,2.9196350700023e-05,8.89851962359422e-05,3.03314207023181e-05,0.166857929768189,0.00826256598577003,1526,1
"34",2.14547854028001e-05,2.04128987835667e-05,5.0243975212302e-05,3.18742253844388e-05,0.170874454900161,0.00700022951572183,1550,1
"35",2.42487950424604e-05,2.6232155152628e-05,6.71582510901997e-05,1.46705301813174e-05,0.185907734679826,0.0100986917603856,1708,1
"36",2.67767959605233e-05,2.78928161579068e-05,0.000106629217351389,1.84850814780813e-05,0.103855864126693,0.0114757860913473,1005,1
"37",3.28015836584806e-05,3.34715400504935e-05,6.52206793665366e-05,1.62726646775304e-05,0.145627725499197,0.0406242827633693,1623,1
"38",3.11759238007804e-05,3.48471425292633e-05,8.47295157218269e-05,5.21095937571724e-06,0.182694514574248,0.0137709433096167,1712,1
"39",2.53423226991049e-05,2.27502868946523e-05,6.17302042689924e-05,4.15366077576314e-05,0.168235024099151,0.00734450309846224,1530,1
"40",1.54674087675006e-05,1.65576084461786e-05,5.67802386963507e-05,2.16707596970392e-05,0.178104200137709,0.00608216662841405,1605,1
"41",1.65650677071379e-05,1.7161808583888e-05,5.01940555428047e-05,2.54687858618315e-05,0.171103970621988,0.00539361946293321,1538,1
"42",2.16996786779894e-05,2.45018361257746e-05,5.81092494835896e-05,1.24569658021574e-05,0.183268303878816,0.0170989212761074,1746,1
"43",2.55336240532476e-05,2.67333027312371e-05,6.24474408997016e-05,2.33379619003902e-05,0.135873307321552,0.0330502639430801,1472,1
"44",3.63233876520542e-05,3.71945145742483e-05,5.24892127610741e-05,2.99383750286895e-05,0.136791370208859,0.0455588707826486,1589,1
"45",4.76245122790911e-05,4.57137938948818e-05,4.31297911406931e-05,4.79582281386275e-05,0.195662152857471,0.0238696350700023,1913,1
"46",3.05355749368832e-05,2.91799403259123e-05,3.60739040624283e-05,3.34374569658022e-05,0.192219417030067,0.0160661005278862,1815,1
"47",3.65229515721827e-05,3.628643562084e-05,4.85974294239155e-05,2.88949965572642e-05,0.217695662152857,0.025017213679137,2115,1
"48",5.00152627955015e-05,4.91918751434473e-05,5.79527197613036e-05,2.64062428276337e-05,0.254303419784255,0.0297222859765894,2475,1
"49",5.98653890291485e-05,5.87540739040624e-05,5.92915997245811e-05,3.04022263025017e-05,0.269451457424834,0.0664448014689006,2927,1
"50",4.58075510672481e-05,4.49166857929768e-05,2.1564952949277e-05,5.82353683727335e-05,0.12657792058756,0.0610511820059674,1635,1
"51",3.27308928161579e-05,3.18257975671334e-05,4.68012393848979e-05,2.5617971081019e-05,0.134610970851503,0.073330273123709,1812,1
"52",3.48098462244664e-05,3.25998393389947e-05,6.94285058526509e-05,3.53277484507689e-05,0.104659169153087,0.0223777828781272,1107,1
"53",2.09114069313748e-05,2.1348749139316e-05,6.63045673628644e-05,2.24561624971311e-05,0.157906816616938,0.00849208170759697,1450,1
"54",2.54462933210925e-05,2.81979573100757e-05,4.85475097544182e-05,1.08002065641496e-05,0.204039476704154,0.0159513426669727,1917,1
"55",3.392839109479e-05,3.3186940555428e-05,8.00310993803076e-05,2.87463851273812e-05,0.195891668579298,0.0114757860913473,1807,1
"56",4.18117971081019e-05,4.02181546935965e-05,8.17275648381914e-05,3.97680743630939e-05,0.153890291484967,0.0137709433096167,1461,1
"57",3.2419095708056e-05,3.23837502868946e-05,6.17302042689924e-05,2.14104888684875e-05,0.177300895111315,0.0486573330273124,1969,1
"58",3.94168005508377e-05,4.02925177874684e-05,7.80353454211614e-05,1.43731925636906e-05,0.196006426440211,0.07964195547395,2402,1
"59",4.67377782878127e-05,4.59166857929768e-05,0.000100569658021574,3.32437456965802e-05,0.15664448014689,0.00929538673399128,1446,1
"60",3.0602134496213e-05,3.02821895799862e-05,6.13954555887078e-05,2.48364700481983e-05,0.196694973605692,0.0157218269451457,1851,1
"61",3.84438834060133e-05,3.67306633004361e-05,5.15931833830617e-05,3.5326256598577e-05,0.218384209318338,0.0265090658710122,2134,1
"62",2.27602708285518e-05,2.2966834978196e-05,3.65312141381685e-05,2.59070461326601e-05,0.179251778746844,0.0141152168923571,1685,1
"63",3.00283451916456e-05,2.93411751204958e-05,7.00501491852192e-05,2.3335551985311e-05,0.198531099380308,0.0245581822354831,1944,1
"64",4.4086183153546e-05,4.34678677989442e-05,9.05631168235024e-05,2.89041771861373e-05,0.16490704613266,0.0734450309846224,2077,1
"65",4.32088593068625e-05,4.20302960752812e-05,0.00010882040394767,3.93948817994033e-05,0.056346109708515,0.0130823961441359,605,1
"66",3.00366077576314e-05,2.73652742712876e-05,6.32664677530411e-05,3.91728253385357e-05,0.186825797567133,0.0280009180628873,1872,1
"67",3.35666743171907e-05,3.47027771402341e-05,4.82938948817994e-05,1.38455359192105e-05,0.20851503327978,0.0362634840486573,2133,1
"68",3.39491622676153e-05,3.28905210006885e-05,8.89851962359422e-05,2.5263943080101e-05,0.195088363552903,0.0219187514344733,1891,1
"69",4.4651250860684e-05,4.42584347027771e-05,0,3.00524443424375e-05,0.0662152857470737,0.00527886160201974,623,1
"70",3.63233876520542e-05,3.50011475786091e-05,7.45426899242598e-05,2.67351388570117e-05,0.198531099380308,0.0283451916456277,1977,1
"71",3.7774500803305e-05,3.73823731925637e-05,6.82330732155153e-05,2.53356667431719e-05,0.161579068166169,0.0830846913013541,2132,1
"72",4.41069543263714e-05,4.36184301124627e-05,6.05222630250172e-05,3.10539361946293e-05,0.164677530410833,0.11269221941703,2417,1
"73",3.73212072526968e-05,3.80996098232729e-05,5.70297222859766e-05,1.57133348634381e-05,0.193596511361028,0.0411980720679367,2046,1
"74",3.6423112233188e-05,3.65134266697269e-05,7.52412210236401e-05,2.11509065871012e-05,0.202777140234106,0.0331650218039936,2056,1
"75",4.19115216892357e-05,4.21081019049805e-05,8.91120036722516e-05,2.33092724351618e-05,0.214711957769107,0.0368372733532247,2192,1
"76",4.76245122790911e-05,4.70889373422079e-05,6.91894652283681e-05,2.40508377323847e-05,0.266238237319256,0.0486573330273124,2744,1
"77",6.19692448932752e-05,6.04784255221483e-05,6.02727794353913e-05,2.65110167546477e-05,0.270254762451228,0.10144594904751,3239,1
"78",5.42230892816158e-05,5.35374110626578e-05,4.35123938489787e-05,4.22500573789305e-05,0.194285058526509,0.163415193940785,3117,1
"79",3.81569887537296e-05,3.73823731925637e-05,5.43665366077576e-05,2.38376176268074e-05,0.163415193940785,0.120151480376406,2471,1
"80",4.93957998622906e-05,4.70203121413817e-05,8.46214138168465e-05,3.31401193481753e-05,0.19233417489098,0.0460179022263025,2077,2
"81",5.06847601560707e-05,5.05671333486344e-05,7.16758090429194e-05,2.59065871012164e-05,0.257401882028919,0.0527886160201974,2703,2
"82",3.98160431489557e-05,3.8781156759238e-05,9.63466834978196e-05,2.6883291255451e-05,0.22010557723204,0.0232958457654349,2121,2
"83",3.27059903603397e-05,3.10802157447785e-05,9.24756713334863e-05,2.79764746385127e-05,0.19497360569199,0.0190498049116364,1865,2
"84",3.03152398439293e-05,2.9413816846454e-05,5.68051411521689e-05,2.6477507459261e-05,0.219187514344733,0.0344273582740418,2210,2
"85",3.05064264402112e-05,2.9558296993344e-05,4.52337617626807e-05,2.40499196694974e-05,0.173858159283911,0.112577461556117,2496,2
"86",2.90386733991278e-05,2.87283681432178e-05,5.6680399357356e-05,2.1149873766353e-05,0.14011934817535,0.0541657103511591,1693,2
"87",3.03360110167546e-05,2.95586412669268e-05,3.46768418636677e-05,2.43520771172825e-05,0.207252696809731,0.0254762451227909,2028,2
"88",3.47142529263255e-05,3.36134955244434e-05,3.60531328896029e-05,2.60495753959146e-05,0.2419095708056,0.0363782419095708,2425,2
"89",3.44273582740418e-05,3.41232499426211e-05,7.42101216433326e-05,1.98402570576084e-05,0.15698875372963,0.0192793206334634,1536,2
"90",3.07933210924948e-05,2.95587560247877e-05,0.000105385930686252,2.49765893963737e-05,0.17282533853569,0.0205416571035116,1685,2
"91",3.44273582740418e-05,3.25285747073675e-05,7.87525820518706e-05,2.96887766812027e-05,0.220335092953867,0.0352306633004361,2227,2
"92",3.61487261877439e-05,3.62218269451457e-05,7.50229515721827e-05,2.26240532476475e-05,0.155382143676842,0.103052559100298,2252,2
"93",4.34166857929768e-05,4.34664907046133e-05,5.50837732384668e-05,2.09103741106266e-05,0.183383061739729,0.189465228368143,3249,2
"94",6.5794468671104e-05,6.23053706678907e-05,4.89155382143677e-05,4.42473031902685e-05,0.273238466834978,0.0842322699104889,3115,2
"95",4.75289189809502e-05,4.57137938948818e-05,7.36840716089052e-05,4.45337388111086e-05,0.186825797567133,0.0191645627725499,1795,2
"96",4.48511590543952e-05,4.44810649529493e-05,5.4031787927473e-05,3.01885471654808e-05,0.274845076887767,0.0473949965572642,2808,2
"97",5.02065641496442e-05,4.97700252467294e-05,6.91894652283681e-05,1.86265779205876e-05,0.294927702547625,0.0655267385815928,3141,2
"98",3.85394767041542e-05,3.72365159513427e-05,9.59662611888914e-05,2.6049116364471e-05,0.149070461326601,0.0197383520771173,1471,2
"99",3.93045673628644e-05,3.91931374799174e-05,0.000100700022951572,1.52723204039477e-05,0.180858388799633,0.100872159742942,2455,2
"100",4.89633922423686e-05,4.89714252926325e-05,9.84048657333027e-05,1.68426669726876e-05,0.195891668579298,0.136332338765205,2895,2
"101",6.83557493688318e-05,6.48630938719302e-05,8.22763369290796e-05,3.72359421620381e-05,0.286091347257287,0.0981179710810191,3348,2
"102",5.766582510902e-05,5.65818223548313e-05,8.48252237778288e-05,3.15445260500344e-05,0.203924718843241,0.0294927702547625,2034,2
"103",4.73376176268074e-05,4.78865044755566e-05,9.40058526509066e-05,2.87602708285518e-05,0.224122102364012,0.0239843929309158,2162,2
"104",5.36492999770484e-05,5.31032820748221e-05,6.20170989212761e-05,1.27036952031214e-05,0.314207023181088,0.060706908423227,3267,2
"105",5.1258549460638e-05,5.07129905898554e-05,7.70312141381685e-05,2.59783107642874e-05,0.285058526509066,0.0736745467064494,3126,2
"106",4.94414734909341e-05,4.88285517557953e-05,0.000101943194858848,3.91103970621988e-05,0.0773467982556805,0.0138857011705302,795,2
"107",5.24061280697728e-05,5.11471195776911e-05,5.50359192104659e-05,3.48285517557953e-05,0.250860683956851,0.17879274730319,3744,2
"108",5.88134037181547e-05,5.77399586871701e-05,6.22561395455589e-05,1.8770599036034e-05,0.316731696121184,0.0767730089511132,3429,2
"109",5.80483130594446e-05,5.61462015148038e-05,7.64095708056002e-05,1.81284140463622e-05,0.320748221253156,0.0469359651136103,3204,2
"110",6.82809272435162e-05,6.47684186366766e-05,7.04804911636447e-05,2.77627955014919e-05,0.382258434702777,0.0703465687399587,3944,2
"111",5.26930227220565e-05,5.20876750057379e-05,4.67159742942392e-05,3.73259123249943e-05,0.395226072986,0.0854946063805371,4189,2
"112",3.86351847601561e-05,3.69467523525361e-05,8.37253844388341e-05,2.51917603855864e-05,0.17282533853569,0.0203121413816846,1683,2
"113",5.27886160201974e-05,5.16549231122332e-05,0.000101895455588708,2.6477507459261e-05,0.295386733991278,0.167775992655497,4036,2
"114",6.67508606839569e-05,6.33191416112004e-05,9.30494606380537e-05,2.20535919210466e-05,0.284714252926325,0.196235942162038,4191,2
"115",6.96198072067937e-05,6.592839109479e-05,8.9128643562084e-05,2.12684186366766e-05,0.37870094101446,0.0887078264861143,4073,2
"116",7.24887537296305e-05,6.81756942850585e-05,8.36776451686941e-05,3.74684415882488e-05,0.427128758319945,0.0778058296993344,4400,2
"117",7.1149873766353e-05,6.60020656414965e-05,9.58706678907505e-05,3.58274041771861e-05,0.381569887537296,0.0627725499196695,3872,2
"118",7.08629791140693e-05,6.64366536607758e-05,8.04260959375717e-05,3.68267156300207e-05,0.400390176727106,0.0652972228597659,4058,2
"119",5.8526509065871e-05,5.70877897635988e-05,5.24538673399128e-05,2.7549116364471e-05,0.426554969015378,0.100757401882029,4595,2
"120",5.42230892816158e-05,5.32500573789305e-05,5.77614184071609e-05,2.69767041542346e-05,0.384094560477393,0.225499196694974,5312,2
"121",5.18323387652054e-05,5.14349322928621e-05,8.74550149185219e-05,1.22049575395915e-05,0.253959146201515,0.130594445719532,3351,2
"122",6.3021230204269e-05,6.11467753041083e-05,8.3773238466835e-05,2.10527886160202e-05,0.407849437686482,0.0971999081937113,4401,2
"123",7.07673858159284e-05,6.67981409226532e-05,7.99957539591462e-05,3.93237319256369e-05,0.441588248795042,0.069198990130824,4451,2
"124",4.75289189809502e-05,4.64367684186367e-05,8.45860683956851e-05,3.77548772090888e-05,0.272894193252238,0.0292632545329355,2633,2
"125",5.26930227220565e-05,5.07134496212991e-05,5.09716548083544e-05,3.38985540509525e-05,0.438260270828552,0.0704613266008722,4433,2
"126",5.49881799403259e-05,5.44086527427129e-05,6.77071379389488e-05,2.61930227220565e-05,0.426210695432637,0.102593527656644,4608,2
"127",5.96740876750057e-05,5.88272894193252e-05,6.2112692219417e-05,1.84128987835667e-05,0.355978884553592,0.184989671792518,4714,2
"128",6.06303649299977e-05,5.95516410374111e-05,7.24887537296305e-05,8.56523984392931e-06,0.336470048198302,0.160775763139775,4333,2
"129",6.11085609364241e-05,6.02761074133578e-05,6.7563690612807e-05,2.01973835207712e-05,0.424374569658022,0.0761992196465458,4362,2
"130",6.11085609364241e-05,5.99863438145513e-05,5.61357585494606e-05,1.32741565297223e-05,0.471540050493459,0.07964195547395,4803,2
"131",6.22561395455589e-05,6.06380537066789e-05,7.26322010557723e-05,1.38446178563232e-05,0.416800550837732,0.0631168235024099,4182,2
"132",6.13954555887078e-05,6.00600183612577e-05,8.57815010328208e-05,2.17657792058756e-05,0.478425522148267,0.0797567133348634,4864,2
"133",5.88134037181547e-05,5.67248106495295e-05,9.9074248336011e-05,2.06248565526739e-05,0.391668579297682,0.079412439752123,4105,2
"134",5.97696809731467e-05,5.74511131512509e-05,0.000105864126692678,1.54865733302731e-05,0.287697957310076,0.103511590543952,3409,2
"135",6.45512967638283e-05,6.15102134496213e-05,9.95045903144365e-05,1.75555428046821e-05,0.340945604773927,0.181546935965114,4553,2
"136",6.62726646775304e-05,6.31755795271976e-05,9.04196694973606e-05,1.45594445719532e-05,0.36550378700941,0.0887078264861143,3958,2
"137",6.44557034656874e-05,6.18004360798715e-05,9.61575625430342e-05,3.18285517557953e-05,0.395340830846913,0.0778058296993344,4123,2
"138",6.31168235024099e-05,6.04955244434244e-05,9.98393389947211e-05,2.31227909111774e-05,0.380881340371815,0.0615102134496213,3855,2
"139",6.09172595822814e-05,5.86116593986688e-05,9.52011705301813e-05,1.24182924030296e-05,0.440670185907735,0.0843470277714023,4575,2
"140",6.15867569428506e-05,6.07117282533854e-05,8.25778058296993e-05,1.43462244663759e-05,0.459949506541198,0.104314895570347,4917,2
"141",6.91416112003672e-05,6.56386274959835e-05,7.19149644250631e-05,1.38455359192105e-05,0.407046132660087,0.259123249942621,5805,2
"142",6.933291255451e-05,6.592839109479e-05,8.60205416571035e-05,1.69850814780812e-05,0.353913243057149,0.180858388799633,4660,2
"143",7.24887537296305e-05,6.77411062657792e-05,9.29538673399128e-05,2.68352077117283e-05,0.394537525820519,0.0959375717236631,4274,2
"144",7.57401882028919e-05,6.94070461326601e-05,8.50164103741106e-05,2.37654349322929e-05,0.43986688088134,0.0756254303419784,4492,2
"145",7.58357815010328e-05,7.06382832224007e-05,7.99001606610053e-05,1.76994491622676e-05,0.486343814551297,0.0849208170759697,4978,2
"146",8.12867798944228e-05,7.51305944457195e-05,7.77484507688777e-05,2.29104888684875e-05,0.449736056919899,0.0869864585724122,4677,2
"147",7.82266467753041e-05,7.31016754647693e-05,7.50229515721827e-05,2.76198072067937e-05,0.436997934358504,0.0999540968556346,4679,2
"148",7.52619921964655e-05,7.02753041083314e-05,8.37253844388341e-05,2.64048657333027e-05,0.316387422538444,0.229630479687859,4758,2
"149",7.66008721597429e-05,7.06392012852881e-05,9.39579986229057e-05,2.45510672481065e-05,0.279205875602479,0.270254762451228,4788,2
"150",8.41557264172596e-05,7.70130823961441e-05,7.86091347257287e-05,1.50591002983704e-05,0.292517787468442,0.177759926554969,4098,2
"151",8.89373422079412e-05,8.32434014229975e-05,7.30625430341978e-05,1.2775877897636e-05,0.379733761762681,0.077232040394767,3982,2
"152",8.76941703006656e-05,8.27366307092036e-05,7.77005967408767e-05,2.37654349322929e-05,0.397176956621529,0.0588707826486114,3974,2
"153",8.20518705531329e-05,7.38974064723434e-05,3.50011475786091e-05,3.35422308928162e-05,0.485655267385816,0.0844617856323158,4968,2
"154",7.1149873766353e-05,6.73781271517099e-05,4.06434473261418e-05,2.90476245122791e-05,0.506541198072068,0.103052559100298,5312,2
"155",7.28712416800551e-05,6.82460408537985e-05,5.23582740417719e-05,1.41315125086068e-05,0.39855405095249,0.21448244204728,5342,2
"156",7.44013082396144e-05,7.07831076428735e-05,7.48795042460408e-05,1.59159972458113e-05,0.369635070002295,0.193366995639201,4906,2
"157",7.78440440670186e-05,7.13630938719302e-05,6.88547165480835e-05,1.39885242139087e-05,0.444686711039706,0.077232040394767,4548,2
"158",8.11911865962818e-05,7.52754188661923e-05,6.86156759238008e-05,2.15524443424375e-05,0.467064493917833,0.0875602478769796,4833,2
"159",8.90329355060822e-05,8.34609823272894e-05,7.13889143906358e-05,1.57008262565986e-05,0.427473031902685,0.0775763139775075,4401,2
"160",9.276256598577e-05,8.69381455129676e-05,6.52206793665366e-05,1.7200252467294e-05,0.38466834978196,0.0646086756942851,3915,2
"161",8.66421849896718e-05,8.0708285517558e-05,6.94285058526509e-05,1.61296763828322e-05,0.432751893504705,0.0935276566444802,4586,2
"162",8.31994491622676e-05,7.78101904980491e-05,7.51185448703236e-05,1.77702547624512e-05,0.371471195776911,0.198416341519394,4966,2
"163",7.94698186825798e-05,7.38266008721597e-05,8.58293550608217e-05,1.8770599036034e-05,0.343470277714023,0.168349781960064,4460,2
"164",7.28712416800551e-05,6.90445260500344e-05,5.6757287124168e-05,3.50413128299289e-05,0.477048427817305,0.0990360339683268,5020,2
"165",6.933291255451e-05,6.7884553591921e-05,5.81917603855864e-05,3.09023410603626e-05,0.4778517328437,0.0834289648840946,4891,2
"166",7.19149644250631e-05,6.74493917833372e-05,5.41274959834749e-05,1.9269221941703e-05,0.506196924489328,0.0882487950424604,5180,2
"167",7.2106151021345e-05,6.83206334633923e-05,7.89916226761533e-05,2.36941703006656e-05,0.369749827863209,0.0625430341978426,3767,2
"168",7.44970162956163e-05,6.88986688088134e-05,8.44426210695433e-05,1.64137020885931e-05,0.456851044296534,0.0990360339683268,4844,2
"169",7.99480146890062e-05,7.38987835666743e-05,7.69356208400275e-05,1.37030066559559e-05,0.380078035345421,0.207367454670645,5119,2
"170",8.02349093412899e-05,7.41159054395226e-05,7.6505278861602e-05,1.17053018131742e-05,0.356323158136332,0.188088134037182,4744,2
"171",7.28712416800551e-05,6.83206334633923e-05,8.56380537066789e-05,1.78419784255221e-05,0.379963277484508,0.0802157447785173,4010,2
"172",7.81309387193023e-05,7.31748909800321e-05,8.84114069313748e-05,1.96264631627266e-05,0.466031673169612,0.0888225843470278,4835,3
"173",8.41557264172596e-05,7.96223318797338e-05,8.11911865962818e-05,1.97684186366766e-05,0.441358733073215,0.0758549460638054,4507,3
"174",8.35819371126922e-05,7.96227909111774e-05,8.07129905898554e-05,2.74046362175809e-05,0.464080789534083,0.0856093642414505,4790,3
"175",8.31038558641267e-05,7.53480605921506e-05,6.5794468671104e-05,2.54791140693137e-05,0.461556116593987,0.111200367225155,4991,3
"176",7.97567133348634e-05,7.38252237778288e-05,5.54662611888914e-05,2.40499196694974e-05,0.392471884324076,0.204498508147808,5202,3
"177",7.80353454211614e-05,7.31729400963966e-05,5.89089970162956e-05,1.08484392930916e-05,0.388455359192105,0.220335092953867,5305,3
"178",7.8322240073445e-05,7.31012164333257e-05,7.55488868487491e-05,1.23465687399587e-05,0.442276795960523,0.0980032132201056,4708,3
"179",8.53990130823961e-05,7.94764746385127e-05,7.27756483819142e-05,1.65576084461786e-05,0.449391783337159,0.0840027541886619,4648,3
"180",8.35819371126922e-05,7.51305944457195e-05,5.71398898324535e-05,3.00460179022263e-05,0.502295157218269,0.0973146660546247,5225,3
"181",7.99480146890062e-05,7.31016754647693e-05,4.98240761992197e-05,2.12660087215974e-05,0.515033279779665,0.117856323158136,5515,3
"182",8.29125545099839e-05,7.48407160890521e-05,4.54728023869635e-05,1.17750745926096e-05,0.472343355519853,0.142988294698187,5362,3
"183",8.47295157218269e-05,7.65788386504476e-05,5.10193940784944e-05,1.3204268992426e-05,0.334519164562773,0.252926325453294,5119,3
"184",8.22431719072757e-05,7.67242368602249e-05,7.8322240073445e-05,2.62632545329355e-05,0.27163185678219,0.261877438604544,4649,3
"185",8.33907505164104e-05,7.63618315354602e-05,7.32059903603397e-05,9.35037870094102e-06,0.341748909800321,0.351732843699793,6043,3
"186",8.56859077346798e-05,7.99102593527657e-05,6.77549919669497e-05,1.44890980032132e-05,0.417030066559559,0.11831535460179,4665,3
"187",8.26256598577002e-05,7.8681776451687e-05,8.53033050263943e-05,1.7200252467294e-05,0.441243975212302,0.0899701629561625,4629,3
"188",8.60683956851044e-05,7.88238466834978e-05,7.4736056919899e-05,1.82694514574248e-05,0.440440670185908,0.0865274271287583,4592,3
"189",8.13824879504246e-05,7.69431948588478e-05,8.69769336699564e-05,2.58353224695892e-05,0.384209318338306,0.079412439752123,4040,3
"190",8.41557264172596e-05,7.62173513885701e-05,6.99067018590773e-05,1.9269221941703e-05,0.384209318338306,0.228138627495983,5336,3
"191",8.57815010328208e-05,7.91857929768189e-05,6.63682579756713e-05,2.10547394996557e-05,0.360110167546477,0.200022951572183,4881,3
"192",8.75028689465228e-05,8.37507459260959e-05,7.2966834978196e-05,3.24003901767271e-05,0.385930686252008,0.0829699334404407,4086,3
"193",9.11369061280698e-05,8.48376176268074e-05,6.41688088134037e-05,2.29807206793665e-05,0.412669267844847,0.0759697039247188,4258,3
"194",8.56859077346798e-05,7.91145283451916e-05,7.24887537296305e-05,1.67699104888685e-05,0.41243975212302,0.0858388799632775,4342,3
"195",7.81309387193023e-05,7.28831764975901e-05,5.46534312600413e-05,2.76184301124627e-05,0.481523984392931,0.101904980491164,5084,3
"196",7.61226761533165e-05,7.16514803764058e-05,6.78505852650907e-05,2.09815239843929e-05,0.484278173054854,0.151250860683957,5538,3
"197",7.88004360798715e-05,7.32456965802157e-05,6.71333486343815e-05,2.39088822584347e-05,0.402226302501721,0.277484507688777,5923,3
"198",8.25300665595593e-05,7.68686022492541e-05,6.933291255451e-05,2.81194629332109e-05,0.378241909570806,0.230204268992426,5302,3
"199",8.56859077346798e-05,8.07809272435162e-05,7.4736056919899e-05,2.4765205416571e-05,0.41507918292403,0.0965113610282304,4458,3
"200",8.9128643562084e-05,8.57790911177416e-05,7.46404636217581e-05,1.49873766352995e-05,0.434817535001148,0.0862979114069314,4541,3
"201",8.81722515492311e-05,8.5706908423227e-05,8.11433325682809e-05,1.30613954555887e-05,0.423226991048887,0.0739040624282763,4332,3
"202",9.35276566444801e-05,9.48325682809272e-05,7.93263713564379e-05,2.54786550378701e-05,0.361716777599266,0.0725269680973147,3784,3
"203",9.73528804223089e-05,9.64994262106954e-05,6.6607413357815e-05,1.52742712875832e-05,0.32419095708056,0.0644939178333716,3387,3
"204",9.74485884783108e-05,9.22982556805141e-05,5.73789304567363e-05,1.50586412669268e-05,0.26371356437916,0.113266008721597,3285,3
"205",9.52490245581822e-05,9.12128758319945e-05,6.32124168005508e-05,1.94137020885931e-05,0.293321092494836,0.120495753959146,3606,3
"206",8.53033050263943e-05,8.27355978884554e-05,8.68812256139545e-05,1.04209662611889e-05,0.375487720908882,0.0651824649988524,3840,3
"207",8.85548542575166e-05,7.99838191416112e-05,6.20648381914161e-05,2.29811797108102e-05,0.440670185907735,0.0860683956851044,4590,3
"208",8.89373422079412e-05,7.92594675235254e-05,4.62378930456736e-05,2.10538214367684e-05,0.447670415423456,0.0866421849896718,4656,3
"209",8.94155382143677e-05,8.49093412898784e-05,6.69420472802387e-05,2.04818682579757e-05,0.43424374569658,0.0695432637135644,4390,3
"210",9.62053018131742e-05,9.01958916685793e-05,6.22561395455589e-05,1.99837043837503e-05,0.364470966261189,0.0768877668120266,3846,3
"211",9.22844847372045e-05,8.36053477163186e-05,5.34579986229057e-05,1.93409456047739e-05,0.334633922423686,0.178907505164104,4475,3
"212",9.24756713334863e-05,8.37498278632086e-05,5.51793665366078e-05,1.89135873307322e-05,0.318797337617627,0.174890980032132,4302,3
"213",8.85548542575166e-05,8.0708285517558e-05,6.32124168005508e-05,1.79845076887767e-05,0.405898554050952,0.0836584806059215,4266,3
"214",8.98936194629332e-05,8.114195547395e-05,5.63747991737434e-05,2.36229056690383e-05,0.464080789534083,0.0919210465916915,4845,3
"215",8.39645398209777e-05,7.80281156759238e-05,7.54532935506082e-05,1.55592150562314e-05,0.356552673858159,0.0535919210465917,3574,3
"216",8.14780812485655e-05,7.62896488409456e-05,8.69290796419555e-05,2.26245122790911e-05,0.433440440670186,0.0916915308698646,4576,3
"217",8.15736745467065e-05,7.5346224466376e-05,7.23930456736286e-05,2.11953178792747e-05,0.441014459490475,0.117397291714482,4866,3
"218",8.22431719072757e-05,7.75939866880881e-05,8.66421849896718e-05,2.61934817535001e-05,0.318223548313059,0.174546706449392,4294,3
"219",8.52077117282534e-05,8.20853798485196e-05,8.6403144365389e-05,2.31222171218728e-05,0.285402800091806,0.148955703465687,3785,3
"220",8.77897635988065e-05,8.07072526968097e-05,6.79461785632316e-05,2.20535919210466e-05,0.399357355978885,0.0970851503327978,4326,3
"221",8.89373422079412e-05,8.30985770025247e-05,6.54598347486803e-05,1.73423226991049e-05,0.424030296075281,0.10408537984852,4602,3
"222",8.79810649529493e-05,7.86071838420932e-05,4.86764975900849e-05,2.29811797108102e-05,0.447096626118889,0.10144594904751,4780,3
"223",8.23387652054166e-05,7.47671563002066e-05,4.8628643562084e-05,1.89116364470966e-05,0.456736286435621,0.0931833830617397,4792,3
"224",8.12867798944228e-05,7.50564608675694e-05,4.76245122790911e-05,1.44159972458113e-05,0.442276795960523,0.12061051182006,4905,3
"225",7.87047280238696e-05,7.41172825338536e-05,8.37253844388341e-05,2.42660087215974e-05,0.303649299977048,0.172595822813863,4150,3
"226",7.76528574707367e-05,7.16534312600413e-05,9.38145512967638e-05,2.55488868487491e-05,0.284829010787239,0.153546017902226,3820,3
"227",7.64095708056002e-05,7.07100068854717e-05,8.17171218728483e-05,2.39791140693137e-05,0.408882258434703,0.0889373422079413,4338,3
"228",8.04260959375717e-05,7.41148726187744e-05,6.63682579756713e-05,2.71206105118201e-05,0.459490475097544,0.0827404177186137,4725,3
"229",8.30081478081249e-05,7.65057378930457e-05,6.60336240532476e-05,1.64869176038559e-05,0.462015148037641,0.0766582510901997,4694,3
"230",8.16693826027083e-05,7.59993114528345e-05,7.51185448703236e-05,2.67624512279091e-05,0.363323387652054,0.073330273123709,3805,3
"231",7.86091347257287e-05,7.266708744549e-05,8.29604085379849e-05,1.5986688088134e-05,0.385127381225614,0.0914620151480376,4153,3
"232",8.00436079871471e-05,7.44773927014e-05,7.73659628184531e-05,1.19884094560477e-05,0.37606151021345,0.219646545788386,5191,3
"233",8.15736745467065e-05,7.75218039935736e-05,8.83635529033739e-05,2.854647693367e-05,0.301124627036952,0.143332568280927,3873,3
"234",7.93742253844388e-05,7.32446637594675e-05,5.39361946293321e-05,3.17592380078035e-05,0.45042460408538,0.0955932981409227,4758,3
"235",7.35406242827634e-05,6.95509524902456e-05,5.22626807436309e-05,1.6842207941244e-05,0.529492770254762,0.147004819830158,5895,3
"236",7.72702547624512e-05,7.23768648152398e-05,6.94285058526509e-05,2.90461326600872e-05,0.479802616479229,0.108905210006885,5130,3
"237",7.85135414275878e-05,7.41168235024099e-05,8.85548542575166e-05,2.41947440899702e-05,0.356552673858159,0.0499196694973606,3542,3
"238",8.03305026394308e-05,7.5709547854028e-05,8.7359421620381e-05,9.63535689694744e-06,0.446752352536149,0.0881340371815469,4661,3
"239",7.80353454211614e-05,7.2935047050723e-05,9.75441817764517e-05,4.31050034427358e-05,0.102019738352077,0.0259352765664448,1115,3
"240",8.1140578379619e-05,7.43583887996328e-05,6.44669497360569e-05,3.49620151480376e-05,0.334978196006426,0.162382373192564,4334,3
"241",7.30625430341978e-05,6.9767959605233e-05,6.36427587789764e-05,1.83411751204958e-05,0.44812944686711,0.0836584806059215,4634,3
"242",7.33494376864815e-05,6.82469589166858e-05,6.29255221482672e-05,1.43456506770714e-05,0.50826256598577,0.0889373422079413,5204,3
"243",7.53577002524673e-05,7.01309387193023e-05,6.86156759238008e-05,9.56315125086068e-06,0.501491852191875,0.0789534083084691,5058,3
"244",7.51663988983245e-05,7.05670185907735e-05,7.33494376864815e-05,1.62722056460868e-05,0.497131053477163,0.089855405095249,5115,3
"245",7.38275189350471e-05,6.94064723433555e-05,8.34384897865504e-05,1.60579527197613e-05,0.442047280238696,0.100413128299289,4727,3
"246",7.67921735138857e-05,7.26661693826027e-05,8.22431719072757e-05,2.12675005737893e-05,0.292517787468442,0.222056460867569,4484,3
"247",8.13824879504246e-05,7.63632086297912e-05,8.51598577002525e-05,2.36937112692219e-05,0.27759926554969,0.289304567362864,4940,3
"248",7.72702547624512e-05,7.17977966490705e-05,9.07065641496443e-05,2.4408537984852e-05,0.242712875831994,0.141840716089052,3351,3
"249",6.19692448932752e-05,5.91232499426211e-05,0.000101785288042231,3.94701629561625e-05,0.287583199449162,0.0234106036263484,2710,3
"250",6.87591232499426e-05,6.24545558870783e-05,0.00010524248336011,1.11338994721138e-05,0.215515262795501,0.0135414275877898,1996,3
"251",7.27464998852421e-05,6.3732040394767e-05,0.000107822469589167,2.211934817535e-05,0.193826027082855,0.0175579527197613,1842,3
"252",7.45926095937572e-05,6.64386045444113e-05,0.000103043034197843,1.42734679825568e-05,0.358847831076429,0.0478540280009181,3544,3
"253",7.57401882028919e-05,6.97684186366766e-05,8.649873766353e-05,1.76277254991967e-05,0.412554509983934,0.200826256598577,5345,3
"254",7.49750975441818e-05,6.9913816846454e-05,8.19084232269911e-05,1.32033509295387e-05,0.391668579297682,0.187399586871701,5046,3
"255",7.39439981638742e-05,6.90991507918292e-05,7.9432407619922e-05,1.02034656873996e-05,0.4616708744549,0.0791829240302961,4713,3
"256",7.46882028918981e-05,6.926256598577e-05,8.17649759008492e-05,1.62731237089741e-05,0.466146431030526,0.0804452605003443,4763,3
"257",7.72702547624512e-05,7.1941703006656e-05,7.99957539591462e-05,1.9198990130824e-05,0.47486802845995,0.0742483360110168,4785,3
"258",6.62726646775304e-05,6.35380996098233e-05,8.13824879504246e-05,3.11161349552444e-05,0.37078264861143,0.0491163644709663,3659,3
"259",5.38406013311912e-05,5.29578838650448e-05,6.77549919669497e-05,1.88412898783567e-05,0.461097085150333,0.0851503327977966,4760,3
"260",5.64226532017443e-05,5.49130135414276e-05,8.24343585035575e-05,2.17666972687629e-05,0.353109938030755,0.16456277254992,4511,3
"261",5.82396144135873e-05,5.62929768189121e-05,7.97567133348634e-05,2.04823272894193e-05,0.335207711728253,0.155267385815928,4274,3
"262",6.3021230204269e-05,6.07843699793436e-05,7.91829240302961e-05,1.74135873307322e-05,0.441588248795042,0.0792976818912095,4539,3
"263",6.44557034656874e-05,6.10760844617856e-05,0.000101130364929998,1.54870323617168e-05,0.367569428505853,0.050263943080101,3641,3
"264",6.82809272435162e-05,6.31779894422768e-05,0.000103282074822125,1.10631397750746e-05,0.437571723663071,0.0618544870323617,4352,3
"265",7.2106151021345e-05,6.36863667661235e-05,0.000103521115446408,1.47033509295387e-05,0.486573330273124,0.0636906128069773,4795,3
"266",6.99067018590773e-05,5.99179481294469e-05,0.000111602019738352,8.99319485884783e-06,0.245237548772091,0.0296075281156759,2395,4
"267",6.96198072067937e-05,6.47707137938949e-05,9.89786550378701e-05,8.99509983933899e-06,0.418521918751434,0.203809960982327,5423,4
"268",7.27756483819142e-05,6.57145971999082e-05,9.69703924718843e-05,5.78140922653202e-06,0.397750745926096,0.177186137250402,5010,4
"269",7.44970162956163e-05,6.75971999081937e-05,9.73528804223089e-05,1.27036952031214e-05,0.452834519164563,0.0784943768648152,4630,4
"270",7.30625430341978e-05,6.59312600413128e-05,0.000101608560936424,1.3561051182006e-05,0.418062887307781,0.0547394996557264,4120,4
"271",7.28712416800551e-05,6.60039017672711e-05,9.74007344503099e-05,1.70563461097085e-05,0.393275189350471,0.0550837732384668,3907,4
"272",7.07673858159284e-05,6.5929768189121e-05,8.02349093412899e-05,1.98396832683039e-05,0.480376405783796,0.0749368831764976,4839,4
"273",6.47425981179711e-05,6.25234106036263e-05,7.43057149414735e-05,2.36946293321092e-05,0.501721367913702,0.0952490245581822,5202,4
"274",4.70507229745238e-05,4.7379274730319e-05,8.649873766353e-05,3.35432637135644e-05,0.223663070920358,0.0550837732384668,2429,4
"275",4.09303419784255e-05,3.96278402570576e-05,9.08500114757861e-05,2.54777369749828e-05,0.264172595822814,0.0706908423226991,2918,4
"276",4.4086183153546e-05,4.49903603396833e-05,8.73115675923801e-05,9.5645857241221e-06,0.371815469359651,0.0378700941014459,3570,4
"277",5.55619692448933e-05,5.42641725958228e-05,8.14780812485655e-05,2.3623364700482e-05,0.455588707826486,0.0557723204039477,4456,4
"278",6.17779435391324e-05,6.04932292862061e-05,7.43535689694744e-05,2.0340830846913e-05,0.489671792517787,0.0641496442506312,4826,4
"279",5.6709547854028e-05,5.51325453293551e-05,7.12454670644939e-05,1.54870323617168e-05,0.473490934128988,0.073330273123709,4765,4
"280",5.86221023640119e-05,5.78843240761992e-05,7.85135414275878e-05,2.5696235942162e-06,0.463162726646775,0.108905210006885,4985,4
"281",5.98653890291485e-05,5.88985540509525e-05,8.04739499655726e-05,5.21048886848749e-06,0.364241450539362,0.256483819141611,5409,4
"282",6.20648381914161e-05,6.01311682350241e-05,8.34863438145513e-05,7.28138627495984e-06,0.357355978884554,0.275074592609594,5511,4
"283",6.55075740188203e-05,6.23049116364471e-05,8.42035804452605e-05,4.85473949965573e-06,0.413472572871242,0.173743401422997,5117,4
"284",6.50294927702548e-05,6.26688088134037e-05,9.28104200137709e-05,1.64151939407849e-05,0.447096626118889,0.0765434932292862,4563,4
"285",6.23517328436998e-05,5.94120954785403e-05,0.000103999311452835,2.84771631856782e-05,0.252352536148726,0.0249024558182235,2416,4
"286",6.76115446408079e-05,6.33238466834978e-05,0.000102899586871701,1.62711728253385e-05,0.301009869176039,0.033279779664907,2913,4
"287",6.32124168005508e-05,6.07843699793436e-05,8.21953178792747e-05,2.5692334174891e-05,0.357470736745467,0.060706908423227,3644,4
"288",5.81440211154464e-05,5.72326141840716e-05,5.54662611888914e-05,2.96170530181317e-05,0.380766582510902,0.217925177874684,5217,4
"289",5.87178104200138e-05,5.77408767500574e-05,5.5848863897177e-05,3.23292403029608e-05,0.377897635988065,0.20059674087675,5041,4
"290",6.12998622905669e-05,5.86097085150333e-05,6.65117053018132e-05,2.01261188891439e-05,0.442621069543264,0.0818223548313059,4570,4
"291",6.11085609364241e-05,5.99863438145513e-05,8.05218039935736e-05,1.26333486343815e-05,0.471769566215286,0.073100757401882,4748,4
"292",6.21688088134037e-05,5.89680973146661e-05,0.000102733187973376,2.79250631168235e-05,0.249024558182235,0.029148496672022,2424,4
"293",5.46055772320404e-05,5.35374110626578e-05,7.30146890061969e-05,4.84593757172366e-05,0.427358274041772,0.0540509524902456,4195,4
"294",4.90589855405095e-05,4.86109708515033e-05,6.58901767271058e-05,2.54069313747992e-05,0.416341519394078,0.0775763139775075,4304,4
"295",4.84851962359422e-05,4.88285517557953e-05,7.22018590773468e-05,1.06342322699105e-05,0.322354831305944,0.172022033509295,4308,4
"296",4.83896029378012e-05,4.84660316731696e-05,8.50642644021115e-05,1.14198416341519e-05,0.316961211843011,0.185792976818912,4381,4
"297",5.3171103970622e-05,5.24520312141382e-05,8.86025935276566e-05,1.36323158136332e-05,0.400275418866192,0.0802157447785173,4187,4
"298",5.41274959834749e-05,5.31759238007804e-05,7.14846224466376e-05,1.91253155841175e-05,0.458113380766583,0.0797567133348634,4687,4
"299",5.55619692448933e-05,5.42627955014919e-05,8.26735138857012e-05,1.70578379619004e-05,0.400504934588019,0.0463621758090429,3894,4
"300",5.39361946293321e-05,5.2449621299059e-05,9.32886160201974e-05,2.26948588478311e-05,0.27759926554969,0.0275418866192334,2659,4
"301",3.79656873995869e-05,3.6586183153546e-05,6.72289419325224e-05,2.63345191645628e-05,0.377668120266238,0.0523295845765435,3747,4
"302",2.91676612347946e-05,2.61548083543723e-05,0.00010127381225614,4.03225843470278e-05,0.0654119807206794,0.00654119807206794,627,4
"303",3.66269221941703e-05,3.68750286894652e-05,7.15802157447785e-05,2.02681891209548e-05,0.280697727794354,0.101560706908423,3331,4
"304",3.90176727105807e-05,4.08610282304338e-05,8.07129905898554e-05,1.22044985081478e-05,0.379504246040854,0.0415423456506771,3669,4
"305",4.599873766353e-05,4.5568969474409e-05,7.84656873995869e-05,1.55578379619004e-05,0.419784255221483,0.0470507229745238,4068,4
"306",4.33210924948359e-05,4.47708285517558e-05,8.24822125315584e-05,9.42066789075052e-06,0.437915997245811,0.0424604085379848,4186,4
"307",4.6859421620381e-05,4.65826256598577e-05,8.05695432637136e-05,1.57008262565986e-05,0.419554739499656,0.0364929997704843,3974,4
"308",4.62856323158136e-05,4.62924030296075e-05,7.14367684186367e-05,3.11887766812027e-05,0.410374110626578,0.0539361946293321,4046,4
"309",3.74876061510213e-05,3.71647922882717e-05,5.95784943768648e-05,2.1696350700023e-05,0.317879274730319,0.132660087215974,3926,4
"310",3.99739499655726e-05,4.15834289648841e-05,8.42991737434014e-05,1.0563943080101e-05,0.309501950883636,0.109249483589626,3649,4
"311",4.53293550608217e-05,4.60030984622447e-05,8.70725269680973e-05,6.56701859077347e-06,0.420243286665137,0.0428046821207253,4035,4
"312",4.6859421620381e-05,4.73084691301354e-05,8.2816961211843e-05,7.92259582281386e-06,0.439407849437686,0.0431489557034657,4205,4
"313",4.5903144365389e-05,4.69450309846225e-05,8.70246729400964e-05,7.13745696580216e-06,0.43653890291485,0.0350011475786091,4109,4
"314",4.36079871471196e-05,4.28874225384439e-05,9.33363552903374e-05,2.16969244893275e-05,0.314780812485655,0.0218039935735598,2933,4
"315",3.72007114987377e-05,3.52096626118889e-05,5.12106954326371e-05,3.6111429882947e-05,0.336011016754648,0.0504934588019279,3368,4
"316",4.09303419784255e-05,4.10766582510902e-05,6.34515721826945e-05,2.43357815010328e-05,0.320403947670415,0.146316272664678,4067,4
"317",5.05890521000689e-05,4.94089970162956e-05,5.25973146660546e-05,3.23296993344044e-05,0.311338076658251,0.115216892357126,3717,4
"318",6.08216662841405e-05,6.02033509295387e-05,6.73723892586642e-05,3.5184301124627e-05,0.446522836814322,0.0682809272435162,4486,4
"319",6.08216662841405e-05,5.82486802845995e-05,7.90394767041542e-05,2.29094560477393e-05,0.429882946981868,0.0515262795501492,4195,4
"320",5.24061280697728e-05,5.18691760385586e-05,0.000106724810649529,1.57022033509295e-05,0.191875143447326,0.0166398898324535,1817,4
"321",3.92089740647234e-05,3.70921505623135e-05,6.60813633233877e-05,3.50426899242598e-05,0.334404406701859,0.0159513426669727,3053,4
"322",3.1462818453064e-05,3.12968785861832e-05,4.70507229745238e-05,1.93404865733303e-05,0.361142988294698,0.0281156759238008,3392,4
"323",3.7774500803305e-05,3.72369749827863e-05,5.7617971081019e-05,2.57626807436309e-05,0.312141381684645,0.108216662841405,3663,4
"324",5.3171103970622e-05,5.24509983933899e-05,7.85612806977278e-05,2.13392242368602e-05,0.313633233876521,0.0903144365389029,3520,4
"325",5.1354142758779e-05,5.10743630938719e-05,0.00010442965343126,1.58427817305485e-05,0.292058756024788,0.025246729400964,2765,4
"326",4.78158136332339e-05,4.83929309157677e-05,0.000110454441129217,1.36323158136332e-05,0.176497590084921,0.00791829240302961,1607,4
"327",5.05890521000689e-05,4.94075051641037e-05,8.69769336699564e-05,3.85385586412669e-05,0.281615790681662,0.0128528804223089,2566,4
"328",4.28428964884095e-05,4.2743975212302e-05,6.3021230204269e-05,1.91994491622676e-05,0.107298599954097,0.0642644021115446,1495,4
"329",4.30341978425522e-05,4.36849896717925e-05,7.3875372963048e-05,1.13490704613266e-05,0.194744089970163,0.125659857700252,2792,4
"330",4.31297911406931e-05,4.41917603855864e-05,7.82266467753041e-05,7.85182464998853e-06,0.208744549001607,0.143332568280927,3068,4
"331",5.26930227220565e-05,5.23066330043608e-05,8.0139201285288e-05,2.39791140693137e-05,0.259467523525362,0.0929538673399128,3071,4
"332",5.77780582969933e-05,5.6245352306633e-05,8.52700252467294e-05,1.63096167087446e-05,0.41473490934129,0.0290337388111086,3867,4
"333",5.25973146660546e-05,5.17988294698187e-05,9.53446178563232e-05,2.961808583888e-05,0.323387652054166,0.0110167546476934,2914,4
"334",3.72963047968786e-05,3.57150562313518e-05,7.03847831076429e-05,3.11175120495754e-05,0.393045673628644,0.0215744778517328,3613,4
"335",3.58618315354602e-05,3.50647234335552e-05,6.02000229515722e-05,2.52648611429883e-05,0.40681661693826,0.020885930686252,3727,4
"336",3.60531328896029e-05,3.8034542116135e-05,7.18192563690613e-05,1.1562313518476e-05,0.421390865274271,0.0307551067248106,3940,4
"337",3.43317649759008e-05,3.56442506311682e-05,7.03370438375029e-05,1.09918866192334e-05,0.333715859536378,0.0810190498049116,3614,4
"338",3.79656873995869e-05,4.00619692448933e-05,8.90329355060822e-05,9.6348749139316e-06,0.32717466146431,0.0727564838191416,3485,4
"339",4.42773697498279e-05,4.52059903603397e-05,9.49142758778976e-05,7.13889143906358e-06,0.410603626348405,0.0267385815928391,3811,4
"340",5.30755106724811e-05,5.23754877209089e-05,0.000108972113839798,2.66907275648382e-05,0.28322240073445,0.0144594904750975,2594,4
"341",4.70507229745238e-05,4.59313747991737e-05,0.000111362979114069,3.05456736286436e-05,0.0751663988983245,0.00573789304567363,705,4
"342",3.05064264402112e-05,2.94856552673858e-05,6.65595593298141e-05,2.75485425751664e-05,0.364011934817535,0.0172136791370209,3322,4
"343",3.3375372963048e-05,3.64404406701859e-05,7.98523066330044e-05,9.49239155382144e-06,0.385471654808354,0.0299518016984163,3620,4
"344",3.1558411751205e-05,3.05728712416801e-05,5.82396144135873e-05,2.6763943080101e-05,0.308469130135414,0.0576084461785632,3190,4
"345",2.53423226991049e-05,2.90514115216892e-05,5.62313518476016e-05,7.63618315354602e-06,0.271517098921276,0.0432637135643792,2743,4
"346",2.73505852650907e-05,3.10071149873766e-05,7.69833601101675e-05,7.28138627495984e-06,0.363438145512968,0.0164103741106266,3310,4
"347",3.2419095708056e-05,3.45579527197613e-05,6.77071379389488e-05,1.61292173513886e-05,0.386504475556576,0.0177874684415882,3523,4
"348",3.64356208400275e-05,3.88296993344044e-05,7.61705301813174e-05,6.99544411292174e-06,0.408767500573789,0.0204268992425981,3740,4
"349",4.84851962359422e-05,4.73074363093872e-05,7.27756483819142e-05,3.0759926554969e-05,0.404865733302731,0.0207711728253385,3709,4
"350",4.30341978425522e-05,4.12927473031903e-05,5.74267844847372e-05,2.99030296075281e-05,0.390061969244893,0.0204268992425981,3577,4
"351",2.96457424833601e-05,2.86172825338536e-05,6.43599954096856e-05,2.79053247647464e-05,0.282763369290796,0.031558411751205,2739,4
"352",2.73505852650907e-05,2.81821207252697e-05,6.72767959605233e-05,1.94834748680285e-05,0.253729630479688,0.025246729400964,2431,4
"353",3.17497131053477e-05,3.22392701400046e-05,7.31581363323388e-05,1.98411751204958e-05,0.360683956851044,0.0298370438375029,3403,4
"354",4.42773697498279e-05,4.54962129905899e-05,6.83287812715171e-05,7.06573330273124e-06,0.405554280468212,0.0247876979573101,3750,4
"355",4.91545788386505e-05,4.91183153546018e-05,9.85004590314437e-05,2.54073904062428e-05,0.292976818912095,0.0122790911177416,2660,1
"356",4.85807895340831e-05,4.89007344503099e-05,8.69290796419555e-05,5.42517787468442e-06,0.326027082855176,0.0260500344273583,3068,1
"357",4.28428964884095e-05,4.33225843470278e-05,7.87525820518706e-05,3.14718843240762e-05,0.234794583428965,0.018705531328896,2209,1
"358",3.47142529263255e-05,3.43403718154694e-05,6.22561395455589e-05,2.18388799632775e-05,0.0982327289419325,0.0177874684415882,1011,1
"359",3.15335092953867e-05,3.21277254991967e-05,7.81849896717925e-05,1.77979114069314e-05,0.0517557952719761,0.0347716318567822,754,1
"360",3.69220794124397e-05,3.62101216433326e-05,5.81773008951113e-05,2.74804911636447e-05,0.10179022263025,0.0493458801927932,1317,1
"361",3.72963047968786e-05,3.75984622446638e-05,8.75028689465228e-05,2.16261188891439e-05,0.121528574707367,0.0118200596740877,1162,1
"362",3.43275189350471e-05,3.21292173513886e-05,5.78279779664907e-05,3.37343355519853e-05,0.234909341289878,0.0292632545329355,2302,1
"363",2.84981638742254e-05,3.02836814321781e-05,6.58901767271058e-05,1.37034656873996e-05,0.248909800321322,0.029148496672022,2423,1
"364",3.57662382373193e-05,3.6586183153546e-05,7.30625430341978e-05,1.54162267615332e-05,0.287812715170989,0.056346109708515,2999,1
"365",4.70507229745238e-05,4.75236401193482e-05,7.06716777599266e-05,2.52644021115446e-05,0.20885930686252,0.0763139775074593,2485,1
"366",4.24604085379849e-05,4.31054624741795e-05,7.94698186825798e-05,2.20526738581593e-05,0.184530640348864,0.0787238925866422,2294,1
"367",3.13338306173973e-05,2.89538673399128e-05,4.37576313977507e-05,3.78316502180399e-05,0.195891668579298,0.0280009180628873,1951,1
"368",1.72136791370209e-05,1.44910488868487e-05,5.06369061280698e-05,4.19636217580904e-05,0.246385127381226,0.0102134496212991,2236,1
"369",1.23364700481983e-05,1.36948588478311e-05,4.75766582510902e-05,2.11957769107184e-05,0.260844617856323,0.0109019967867799,2368,1
"370",3.05064264402112e-05,3.19499655726417e-05,6.01522836814322e-05,1.49170300665596e-05,0.359421620380996,0.0160661005278862,3272,1
"371",3.83482901078724e-05,3.90483130594446e-05,6.22082855175579e-05,1.92687629102594e-05,0.435047050722975,0.0352306633004361,4098,1
"372",4.51380537066789e-05,4.48449621299059e-05,6.10129676382832e-05,2.00548542575166e-05,0.396029378012394,0.122790911177416,4521,1
"373",3.8730778058297e-05,3.90472802386964e-05,5.33624053247647e-05,2.19809501950884e-05,0.324305714941473,0.0687399586871701,3425,1
"374",2.57249254073904e-05,2.84001606610053e-05,8.05218039935736e-05,1.13495524443424e-05,0.260500344273583,0.0121643332568281,2376,1
"375",3.54252926325453e-05,3.65877897635988e-05,7.41934817535001e-05,2.15230663300436e-05,0.393045673628644,0.0198531099380308,3598,1
"376",3.1462818453064e-05,3.24559329814092e-05,9.7257287124168e-05,1.50586412669268e-05,0.23927014000459,0.0105577232040395,2177,1
"377",4.38948817994033e-05,4.38303878815699e-05,9.21410374110627e-05,2.07673858159284e-05,0.439293091576773,0.0308698645857241,4097,1
"378",3.1462818453064e-05,2.86162497131053e-05,5.82396144135873e-05,4.33908652742713e-05,0.348863897176957,0.0199678677989442,3214,1
"379",2.06564149644251e-05,2.1010672481065e-05,5.25017213679137e-05,2.14807206793665e-05,0.247876979573101,0.0382143676841864,2493,1
"380",1.91263484048657e-05,1.854773927014e-05,4.81027082855176e-05,2.88338306173973e-05,0.232614184071609,0.0325912324994262,2311,1
"381",2.18039935735598e-05,2.18800780353454e-05,5.99609823272894e-05,2.65501491852192e-05,0.238811108560936,0.0249024558182235,2298,1
"382",4.28096167087446e-05,4.1803764057838e-05,8.21766123479458e-05,4.00654119807207e-05,0.322240073445031,0.014574248336011,2935,1
"383",3.48098462244664e-05,3.1587560247877e-05,5.08759467523525e-05,4.7673743401423e-05,0.374913931604315,0.0125086068395685,3376,1
"384",2.18039935735598e-05,2.18083543722745e-05,5.70920358044526e-05,2.52648611429883e-05,0.3628643562084,0.0149185219187514,3292,1
"385",2.49598347486803e-05,2.53566674317191e-05,5.16410374110627e-05,2.32671563002066e-05,0.349781960064264,0.0131971540050493,3163,1
"386",1.98913243057149e-05,2.00682809272435e-05,9.53924718843241e-05,2.55499196694974e-05,0.141611200367225,0.00768877668120266,1301,1
"387",1.86481523984393e-05,1.86194629332109e-05,9.13759467523525e-05,2.29100298370438e-05,0.204383750286895,0.0224925407390406,1977,1
"388",2.50554280468212e-05,2.78928161579068e-05,0.000104573100757402,1.27046132660087e-05,0.262451227909112,0.0166398898324535,2432,1
"389",3.93045673628644e-05,4.00628873077806e-05,9.59184071608905e-05,1.42032361716778e-05,0.447555657562543,0.0503787009410145,4339,1
"390",3.37579756713335e-05,3.38330273123709e-05,7.3875372963048e-05,1.84841634151939e-05,0.436424145053936,0.0535919210465917,4270,1
"391",3.92089740647234e-05,4.08595363782419e-05,8.8315698875373e-05,8.42274500803305e-06,0.439637365159513,0.0280009180628873,4075,1
"392",4.87720908882258e-05,4.7668464539821e-05,8.50642644021115e-05,3.93237319256369e-05,0.365733302731237,0.0308698645857241,3456,1
"393",3.62443194858848e-05,3.74545558870783e-05,6.23517328436998e-05,2.41942850585265e-05,0.372733532246959,0.0889373422079413,4023,1
"394",3.2419095708056e-05,3.12968785861832e-05,3.57183842093183e-05,2.75476245122791e-05,0.308124856552674,0.0640348863897177,3243,1
"395",3.08890291484967e-05,3.01382832224007e-05,4.599873766353e-05,2.47638283222401e-05,0.401422997475327,0.0144594904750975,3624,1
"396",4.47555657562543e-05,4.37591232499426e-05,4.78158136332339e-05,3.00455588707827e-05,0.480261647922883,0.0371815469359651,4509,1
"397",5.38406013311912e-05,5.35389029148497e-05,5.82874684415882e-05,2.16969244893275e-05,0.490589855405095,0.0348863897176957,4579,1
"398",4.58075510672481e-05,4.57850585265091e-05,7.72225154923112e-05,2.14811797108102e-05,0.409800321322011,0.0218039935735598,3761,1
"399",3.59574248336011e-05,3.54998852421391e-05,6.04391783337159e-05,2.04838191416112e-05,0.440784943768648,0.0355749368831765,4151,1
"400",3.03152398439293e-05,3.12973376176268e-05,8.94632774845077e-05,1.39885242139087e-05,0.280927243516181,0.0440670185907735,2832,1
"401",3.05064264402112e-05,3.03558641266927e-05,7.89438834060133e-05,2.01969244893275e-05,0.301698416341519,0.0364929997704843,2947,1
"402",3.24316043148956e-05,3.4017213679137e-05,7.13993573559789e-05,1.76497590084921e-05,0.410603626348405,0.0236401193481754,3784,1
"403",4.06434473261418e-05,4.14395226072986e-05,5.69485884783108e-05,1.69128987835667e-05,0.479228827174661,0.022836814321781,4375,1
"404",2.94545558870783e-05,3.05739040624283e-05,8.29604085379849e-05,1.53455359192105e-05,0.309042919439982,0.0125086068395685,2802,1
"405",3.04108331420702e-05,3.00651824649989e-05,6.45034427358274e-05,2.22672710580675e-05,0.420817075969704,0.018705531328896,3830,1
"406",3.22277943539132e-05,3.36880881340372e-05,6.19692448932752e-05,1.34185219187514e-05,0.413587330732155,0.0260500344273583,3831,1
"407",2.57249254073904e-05,2.41986458572412e-05,8.39166857929768e-05,3.32563690612807e-05,0.226876291025935,0.0220335092953867,2169,1
"408",1.46316272664678e-05,1.16660546247418e-05,5.33145512967638e-05,4.69602937801239e-05,0.167087445490016,0.0083773238466835,1529,1
"409",2.55336240532476e-05,2.61548083543723e-05,4.71941703006656e-05,1.91970392471884e-05,0.381914161120037,0.0107872389258664,3422,1
"410",3.66269221941703e-05,3.83229286206105e-05,5.83830617397292e-05,1.62014000459031e-05,0.434588019279321,0.0154923112233188,3922,1
"411",3.99739499655726e-05,4.03521918751434e-05,6.09651136102823e-05,2.08400275418866e-05,0.462244663759468,0.0161808583887996,4169,1
"412",3.63400275418866e-05,3.78886848749139e-05,8.6403144365389e-05,1.04917374340142e-05,0.336355290337388,0.00849208170759697,3005,1
"413",3.94001606610053e-05,4.03521918751434e-05,7.28233876520542e-05,2.36224466375947e-05,0.436653660775763,0.0400504934588019,4154,1
"414",3.97827633692908e-05,4.0787812715171e-05,6.13476015607069e-05,2.19106036263484e-05,0.330846913013541,0.164677530410833,4318,1
"415",3.21322010557723e-05,3.05012623364701e-05,5.91958916685793e-05,2.90465916915309e-05,0.237663529951802,0.0709203580445261,2689,1
"416",3.21322010557723e-05,3.13737663529952e-05,5.82770254762451e-05,2.6289075051641e-05,0.301468900619692,0.0576084461785632,3129,1
"417",3.30302960752812e-05,3.38665366077576e-05,6.82061051182006e-05,2.36076428735368e-05,0.41473490934129,0.018705531328896,3777,1
"418",4.54249483589626e-05,4.50616249713105e-05,6.51729400963966e-05,2.69073904062428e-05,0.502524672940096,0.0452145971999082,4773,1
"419",5.21192334174891e-05,5.10036722515492e-05,6.36427587789764e-05,2.19087675005738e-05,0.521689235712646,0.0592150562313518,5062,1
"420",4.67638283222401e-05,4.71621528574707e-05,8.4633922423686e-05,2.72626807436309e-05,0.371930227220565,0.0282304337847143,3487,1
"421",3.3375372963048e-05,2.93407160890521e-05,4.54249483589626e-05,4.83867339912784e-05,0.277140234106036,0.0363782419095708,2732,1
"422",3.20366077576314e-05,3.0790452145972e-05,4.70507229745238e-05,2.35516410374111e-05,0.32981409226532,0.0591002983704384,3389,1
"423",4.20779205875602e-05,4.10780353454212e-05,5.63269451457425e-05,3.07588937342208e-05,0.46694973605692,0.0290337388111086,4322,1
"424",4.12172366307092e-05,4.05697727794354e-05,4.54249483589626e-05,2.21961211843011e-05,0.474408997016296,0.0262795501491852,4363,1
"425",3.95166398898325e-05,3.99896717925178e-05,9.23551755795272e-05,2.05550837732385e-05,0.203006655955933,0.00745926095937572,1834,1
"426",5.57531558411751e-05,5.45525591002984e-05,7.06239384897866e-05,2.60485425751664e-05,0.53534542116135,0.0372963047968786,4990,1
"427",4.054773927014e-05,4.12946981868258e-05,7.54054395226073e-05,1.66288730778058e-05,0.338306173972917,0.0282304337847143,3194,1
"428",4.75289189809502e-05,4.74514574248336e-05,7.12933210924948e-05,1.84850814780813e-05,0.3568969474409,0.10970851503328,4066,1
"429",3.73918980950195e-05,3.47740417718614e-05,4.62856323158136e-05,3.83946522836814e-05,0.311338076658251,0.0814780812485655,3423,1
"430",2.7924374569658e-05,2.76762680743631e-05,5.80961670874455e-05,2.62632545329355e-05,0.359192104659169,0.0232958457654349,3333,1
"431",2.96457424833601e-05,2.92680743630939e-05,5.24061280697728e-05,2.30519853109938e-05,0.42862061051182,0.0253614872618774,3956,1
"432",4.63813403718155e-05,4.41932522377783e-05,5.89089970162956e-05,3.96808583887996e-05,0.514574248336011,0.0495753959146202,4916,1
"433",6.05347716318568e-05,6.02024328666514e-05,6.51250860683957e-05,5.06728253385357e-05,0.561854487032362,0.0557723204039477,5382,1
"434",4.71463162726647e-05,4.55683956851044e-05,4.67159742942392e-05,4.76015607069084e-05,0.473031902685334,0.0512967638283222,4569,1
"435",3.29928850126234e-05,3.18759467523525e-05,4.02131053477163e-05,2.59065871012164e-05,0.361487261877439,0.111085609364241,4118,1
"436",4.15123938489786e-05,4.12749598347487e-05,5.47345650677071e-05,2.55436079871471e-05,0.373307321551526,0.190268533394538,4911,1
"437",5.35537066789075e-05,5.27417948129447e-05,5.61357585494606e-05,2.38366995639201e-05,0.511820059674088,0.09616708744549,5298,1
"438",6.4838191416112e-05,6.23053706678907e-05,7.08629791140693e-05,2.71918751434473e-05,0.583543722745008,0.0874454900160661,5847,1
"439",6.5698875372963e-05,6.29581133807666e-05,5.81917603855864e-05,1.3204268992426e-05,0.609938030755107,0.114413587330732,6312,1
"440",6.3977507459261e-05,6.1145857241221e-05,6.65117053018132e-05,1.7200252467294e-05,0.595249024558182,0.11533165021804,6192,1
"441",5.00152627955015e-05,5.00607069084232e-05,9.66356437915997e-05,1.29896717925178e-05,0.4395226072986,0.062887307780583,4378,1
"442",5.90047050722975e-05,5.79579986229057e-05,8.67377782878127e-05,1.27041542345651e-05,0.537181546935965,0.362061051182006,7836,1
"443",5.42230892816158e-05,5.32476474638513e-05,9.29538673399128e-05,1.45608216662841e-05,0.422882717466146,0.253270599036034,5892,1
"444",6.25430341978426e-05,6.11453982097774e-05,8.36297911406931e-05,1.86271517098921e-05,0.593412898783567,0.11269221941703,6153,1
"445",6.43599954096856e-05,6.18008951113151e-05,9.271482671563e-05,1.39168005508377e-05,0.578609134725729,0.12061051182006,6093,1
"446",6.10129676382832e-05,5.89003901767271e-05,9.42448932751894e-05,1.02775189350471e-05,0.586183153546018,0.128758319944916,6230,2
"447",6.35950195088363e-05,6.10014918521919e-05,9.53924718843241e-05,1.34911636447097e-05,0.635414275877898,0.153086986458572,6871,2
"448",6.90460179022263e-05,6.54196694973606e-05,7.96611200367225e-05,1.33463392242369e-05,0.676268074363094,0.283337158595364,8362,2
"449",5.766582510902e-05,5.58564379159972e-05,0.000101608560936424,2.2123364700482e-05,0.268418636676612,0.118544870323617,3372,2
"450",5.02065641496442e-05,5.02051870553133e-05,0.000101082510901997,2.53356667431719e-05,0.397521230204269,0.17580904291944,4996,2
"451",5.11628414046362e-05,5.03500114757861e-05,5.48447326141841e-05,4.43907505164104e-05,0.54659169153087,0.0912324994262107,5558,2
"452",3.71050034427358e-05,3.62237778287813e-05,3.3279779664907e-05,2.14817535001148e-05,0.524558182235483,0.0609364241450539,5102,2
"453",5.55619692448933e-05,5.40452145971999e-05,5.52272205646087e-05,3.34715400504935e-05,0.576543493229286,0.0773467982556805,5698,2
"454",5.6709547854028e-05,5.53481753500115e-05,5.0397865503787e-05,3.66823502409915e-05,0.608101904980491,0.0957080560018361,6133,2
"455",4.24604085379849e-05,4.31054624741795e-05,6.6655152627955e-05,1.58442735827404e-05,0.535115905439523,0.0913472572871242,5459,2
"456",4.86764975900849e-05,4.83943080100987e-05,8.47295157218269e-05,2.87602708285518e-05,0.451457424833601,0.2640578379619,6235,2
"457",4.88676841863668e-05,4.78869635070002e-05,7.76050034427358e-05,1.97689924259812e-05,0.423915538214368,0.26933669956392,6041,2
"458",4.97949277025476e-05,4.90604773927014e-05,5.78778976359881e-05,3.58204039476704e-05,0.542575166398898,0.138627495983475,5936,2
"459",5.35537066789075e-05,5.29588019279321e-05,4.55206564149644e-05,1.14910488868487e-05,0.622446637594675,0.154693596511361,6772,2
"460",6.21605462474179e-05,6.12175809042919e-05,5.38883406013312e-05,2.07683038788157e-05,0.617167775992655,0.121413816846454,6436,2
"461",4.99196694973606e-05,4.94793435850356e-05,4.29386045444113e-05,2.51926784484737e-05,0.604200137709433,0.136791370208859,6457,2
"462",4.62856323158136e-05,4.48435850355749e-05,4.3273238466835e-05,3.44718843240762e-05,0.533968326830388,0.207367454670645,6460,2
"463",5.02065641496442e-05,4.89016525131972e-05,2.91676612347946e-05,3.15436079871471e-05,0.413702088593069,0.373192563690613,6857,2
"464",5.73789304567363e-05,5.65096396603167e-05,3.16540050493459e-05,2.66922194170301e-05,0.337273353224696,0.255910029837044,5169,2
"465",5.61357585494606e-05,5.46979573100757e-05,3.64356208400275e-05,4.11058067477622e-05,0.537066789075052,0.103855864126693,5585,2
"466",5.1258549460638e-05,5.00611659398669e-05,4.99196694973606e-05,2.86177415652972e-05,0.585150332797797,0.093986688088134,5918,2
"467",4.00156070690842e-05,3.87048427817306e-05,5.38862749598348e-05,3.38850126233647e-05,0.50263943080101,0.0553132889602938,4862,2
"468",4.56162497131053e-05,4.44806059215056e-05,5.35058526509066e-05,3.33290107872389e-05,0.544640807895341,0.0760844617856323,5409,2
"469",5.07803534542116e-05,4.95533624053248e-05,4.6859421620381e-05,1.78415193940785e-05,0.59054395226073,0.143676841863668,6398,2
"470",5.68051411521689e-05,5.6001377094331e-05,5.77136791370209e-05,2.19092265320174e-05,0.53534542116135,0.320748221253156,7460,2
"471",6.96198072067937e-05,6.58566674317191e-05,5.82874684415882e-05,2.58353224695892e-05,0.491852191875143,0.326600872159743,7132,2
"472",7.62183842093183e-05,7.05674776222171e-05,6.44557034656874e-05,3.26863667661235e-05,0.59352765664448,0.13747991737434,6370,2
"473",6.98109938030755e-05,6.86810879045215e-05,4.48034197842552e-05,3.14010787238926e-05,0.654349322928621,0.113495524443424,6691,2
"474",5.3171103970622e-05,5.24487032361717e-05,6.53163874225384e-05,1.9269221941703e-05,0.46132660087216,0.039820977736975,4367,2
"475",5.71876291025935e-05,5.6580904291944e-05,7.0289189809502e-05,7.56589396373652e-06,0.65630020656415,0.0970851503327978,6565,2
"476",6.04391783337159e-05,5.91892357126463e-05,7.97088593068625e-05,1.7198875372963e-05,0.682809272435162,0.153775533624053,7290,2
"477",6.54119807206794e-05,6.23044526050034e-05,7.8370094101446e-05,3.25438375028689e-05,0.468556346109709,0.291599724581134,6624,2
"478",4.55206564149644e-05,4.46986458572412e-05,9.58706678907505e-05,3.95393619462933e-05,0.10408537984852,0.0137709433096167,1027,2
"479",3.6913816846454e-05,3.45564608675694e-05,8.79810649529493e-05,3.48285517557953e-05,0.346453982097774,0.0223777828781272,3214,2
"480",4.74332109249484e-05,4.65094101445949e-05,5.21192334174891e-05,2.86186596281845e-05,0.586986458572412,0.0594445719531788,5633,2
"481",5.47012852880422e-05,5.39725728712417e-05,4.91068395685104e-05,1.36323158136332e-05,0.635873307321552,0.0751663988983245,6196,2
"482",5.71876291025935e-05,5.54949506541198e-05,8.68334863438145e-05,2.02691071838421e-05,0.522263025017214,0.0545099839338995,5026,2
"483",5.25017213679137e-05,5.19436538902915e-05,4.599873766353e-05,3.98936194629332e-05,0.598921276107413,0.116364470966261,6233,2
"484",4.3225499196695e-05,4.33215515262795e-05,5.61834978196006e-05,1.49156529722286e-05,0.355749368831765,0.128528804223089,4220,2
"485",5.25973146660546e-05,5.16549231122332e-05,6.73723892586642e-05,1.34161120036723e-05,0.467638283222401,0.25579527197613,6304,2
"486",5.32668120266238e-05,5.25242139086527e-05,6.54119807206794e-05,1.96968097314666e-05,0.56311682350241,0.0763139775074593,5572,2
"487",7.03847831076429e-05,6.62176956621529e-05,7.5692334174891e-05,1.79132430571494e-05,0.583773238466835,0.0749368831764976,5740,2
"488",6.47425981179711e-05,6.17277943539132e-05,9.14715400504935e-05,1.58432407619922e-05,0.631397750745926,0.0765434932292862,6169,2
"489",6.42644021115446e-05,6.16527427128758e-05,8.81722515492311e-05,1.53426669726876e-05,0.649185219187514,0.0876750057378931,6421,2
"490",7.2010557723204e-05,6.78123708974065e-05,8.43948817994033e-05,1.86984163415194e-05,0.599839338994721,0.122676153316502,6296,2
"491",7.13411751204957e-05,6.70883635529034e-05,8.68334863438145e-05,1.7557034656874e-05,0.503442735827404,0.286435620840028,6883,2
"492",6.45512967638283e-05,6.27423686022493e-05,8.49208170759697e-05,1.71997934358504e-05,0.484737204498508,0.245008033050264,6359,2
"493",6.16823502409915e-05,6.04936883176498e-05,7.62183842093183e-05,2.64770484278173e-05,0.604200137709433,0.11567592380078,6273,2
"494",6.67508606839569e-05,6.39741794812945e-05,7.87047280238696e-05,3.39716548083544e-05,0.572641725958228,0.0846913013541428,5728,2
"495",6.59857700252467e-05,6.34639660316732e-05,8.53990130823961e-05,2.48349781960064e-05,0.470162956162497,0.071149873766353,4717,2
"496",5.80483130594446e-05,5.64359651136103e-05,6.33558641266927e-05,3.60411980720679e-05,0.636447096626119,0.117741565297223,6572,2
"497",6.12041542345651e-05,5.97696809731467e-05,4.1360683956851e-05,2.71903832912555e-05,0.655382143676842,0.15136561854487,7030,2
"498",6.47425981179711e-05,6.25220335092954e-05,5.51316272664677e-05,1.41304796878586e-05,0.551641037411063,0.300895111315125,7429,2
"499",7.0289189809502e-05,6.71606610052789e-05,6.61292173513886e-05,2.58339453752582e-05,0.452834519164563,0.249254073904062,6118,2
"500",6.5794468671104e-05,6.31053477163186e-05,9.06108560936424e-05,2.44080789534083e-05,0.287009410144595,0.0392471884324076,2843,2
"501",7.0193596511361e-05,6.61468900619693e-05,9.11846453982098e-05,1.69143906357586e-05,0.515262795501492,0.0717236630709204,5115,2
"502",7.30625430341978e-05,6.83928161579068e-05,8.0091462015148e-05,1.40592150562314e-05,0.738237319256369,0.113725040165251,7424,2
"503",6.80896258893734e-05,6.57118430112463e-05,5.96740876750057e-05,2.63340601331191e-05,0.704842781730549,0.142529263254533,7384,2
"504",6.47425981179711e-05,6.32454670644939e-05,6.00565756254303e-05,1.57008262565986e-05,0.702088593068625,0.174546706449392,7639,2
"505",6.88547165480835e-05,6.50571494147349e-05,5.23582740417719e-05,9.63679137020886e-06,0.5604773927014,0.391324305714941,8294,2
"506",7.12454670644939e-05,6.70148037640578e-05,6.08695203121414e-05,2.91906128069773e-05,0.507803534542116,0.31030525591003,7129,2
"507",6.86634151939408e-05,6.49147349093413e-05,9.30973146660546e-05,2.67619921964655e-05,0.427932063346339,0.0722974523754877,4359,2
"508",7.05760844617856e-05,6.66542345650677e-05,8.78853568969474e-05,1.35605921505623e-05,0.602937801239385,0.093986688088134,6073,2
"509",7.13411751204957e-05,6.7088822584347e-05,8.88894881799403e-05,1.17053018131742e-05,0.515721826945146,0.08790452145972,5260,2
"510",7.51663988983245e-05,6.96235942162038e-05,8.22431719072757e-05,1.98411751204958e-05,0.655382143676842,0.121528574707367,6770,2
"511",7.80353454211614e-05,7.20138857011705e-05,8.57336470048198e-05,1.61292173513886e-05,0.610167546476934,0.162611888914391,6734,2
"512",7.94698186825798e-05,7.37544181776452e-05,8.40601331191187e-05,2.28358962588937e-05,0.422423686022493,0.327633692907964,6536,2
"513",7.91829240302961e-05,7.36085609364241e-05,7.99957539591462e-05,2.46925636906128e-05,0.379619003901767,0.37675005737893,6591,2
"514",8.17649759008492e-05,7.79550149185219e-05,7.76050034427358e-05,2.25523295845765e-05,0.400045903144365,0.293435850355749,6043,2
"515",8.29125545099839e-05,7.72311223318797e-05,7.85612806977278e-05,3.38994721138398e-05,0.558067477622217,0.100986917603856,5743,2
"516",7.53577002524673e-05,7.01318567821896e-05,7.68877668120266e-05,1.54153086986459e-05,0.701170530181317,0.0854946063805371,6855,2
"517",7.80353454211614e-05,7.24499655726417e-05,5.65661005278862e-05,2.2409800321322e-05,0.715859536378242,0.12623364700482,7338,2
"518",7.50708056001836e-05,6.97684186366766e-05,8.66900390176727e-05,2.72622217121873e-05,0.41243975212302,0.0611659398668809,4127,2
"519",6.69420472802387e-05,6.49859995409686e-05,6.3021230204269e-05,2.14094560477393e-05,0.611085609364241,0.320748221253156,8120,2
"520",6.91416112003672e-05,6.60010328207482e-05,5.66138397980262e-05,2.11254303419784e-05,0.590658710121643,0.286206105118201,7641,2
"521",6.85678218957999e-05,6.63625200826257e-05,5.5896603167317e-05,3.26868257975671e-05,0.680169841634152,0.122905669038329,6998,2
"522",6.20648381914161e-05,6.03502409915079e-05,7.03847831076429e-05,2.4050378700941e-05,0.69233417489098,0.111085609364241,7001,2
"523",6.35950195088363e-05,6.22322699104889e-05,7.01457424833601e-05,8.85070002295157e-06,0.691760385586413,0.117856323158136,7055,2
"524",6.91416112003672e-05,6.53479458342896e-05,6.50772320403948e-05,1.80571494147349e-05,0.740876750057379,0.119118659628185,7494,2
"525",7.44970162956163e-05,6.86093642414505e-05,5.36971540050494e-05,2.01265779205876e-05,0.717007114987377,0.170759697039247,7736,2
"526",8.15736745467065e-05,7.44052100068855e-05,5.01587101216433e-05,1.65580674776222e-05,0.549690153775534,0.310764287353684,7498,2
"527",8.33907505164104e-05,7.61437915997246e-05,6.17779435391324e-05,1.53455359192105e-05,0.501950883635529,0.255221482671563,6598,2
"528",8.27212531558412e-05,7.5708170759697e-05,6.74680973146661e-05,2.38366995639201e-05,0.64803764057838,0.116708744549002,6664,2
"529",7.49750975441818e-05,6.86108560936424e-05,9.56315125086068e-05,2.46208400275419e-05,0.515836584806059,0.0547394996557264,4972,2
"530",7.52619921964655e-05,7.01304796878586e-05,6.67985999540969e-05,3.9393963736516e-05,0.717007114987377,0.134610970851503,7421,2
"531",7.44013082396144e-05,7.16528574707367e-05,6.53641266926784e-05,2.91178563231581e-05,0.709547854028001,0.135414275877898,7363,2
"532",7.33494376864815e-05,6.88264861142988e-05,6.76592839109479e-05,2.02681891209548e-05,0.70025246729401,0.179366536607758,7665,2
"533",7.24887537296305e-05,6.82474179481294e-05,5.78571264631627e-05,1.91263484048657e-05,0.543837502868946,0.340027541886619,7702,2
"534",6.79940325912325e-05,6.56386274959835e-05,6.87112692219417e-05,1.66288730778058e-05,0.498508147808125,0.302272205646087,6978,2
"535",6.52206793665366e-05,6.25249024558182e-05,8.92720908882258e-05,2.00534771631857e-05,0.510213449621299,0.0749368831764976,5099,2
"536",7.89916226761533e-05,7.51310534771632e-05,7.91829240302961e-05,1.69861142988295e-05,0.672136791370209,0.111085609364241,6825,2
"537",8.97980261647923e-05,8.27375487720909e-05,6.79461785632316e-05,1.30608216662841e-05,0.61269221941703,0.100068854716548,6211,2
"538",9.24756713334863e-05,8.63601101675465e-05,6.51729400963966e-05,1.36317420243287e-05,0.588363552903374,0.0892816157906817,5905,3
"539",8.92242368602249e-05,8.30985770025247e-05,6.58423226991049e-05,2.09825568051412e-05,0.557608446178563,0.110626577920588,5823,3
"540",8.39645398209777e-05,7.49130135414276e-05,6.13476015607069e-05,2.06243975212302e-05,0.550952490245582,0.304911636447097,7458,3
"541",8.53033050263943e-05,7.73759467523525e-05,5.49881799403259e-05,1.67001377094331e-05,0.498049116364471,0.292747303190269,6891,3
"542",8.21474638512738e-05,7.50564608675694e-05,5.78571264631627e-05,3.44713105347716e-05,0.647234335551985,0.130709203580445,6779,3
"543",7.23930456736286e-05,6.82469589166858e-05,4.28428964884095e-05,3.98946522836814e-05,0.730433784714253,0.12359421620381,7442,3
"544",8.00436079871471e-05,7.35359192104659e-05,4.13128299288501e-05,3.1188317649759e-05,0.718154693596511,0.12359421620381,7335,3
"545",8.59728023869635e-05,7.75203121413817e-05,4.84851962359422e-05,1.96981868257976e-05,0.68372733532247,0.105691989901308,6879,3
"546",9.57272205646087e-05,9.02700252467294e-05,5.60879045214597e-05,1.89829010787239e-05,0.531787927473032,0.0951342666972688,5463,3
"547",8.77897635988065e-05,7.88969474408997e-05,6.89981638742254e-05,1.84841634151939e-05,0.485655267385816,0.166972687629103,5687,3
"548",9.36232499426211e-05,8.6140578379619e-05,5.95306403488639e-05,1.93400275418866e-05,0.471654808354372,0.163070920358045,5531,3
"549",8.97024328666514e-05,8.05643791599725e-05,5.13062887307781e-05,2.2408423226991e-05,0.610856093642415,0.103741106265779,6227,3
"550",8.96067248106495e-05,8.06346109708515e-05,5.64703924718843e-05,1.4486688088134e-05,0.643562084002754,0.120725269680973,6660,3
"551",9.05631168235024e-05,8.40414275877898e-05,6.18257975671333e-05,1.54865733302731e-05,0.555542804682121,0.294009639660317,7403,3
"552",9.49621299058986e-05,8.73728482901079e-05,5.25495753959146e-05,2.22663529951802e-05,0.554969015377553,0.161234794583429,6241,3
"553",9.50577232040395e-05,8.63590773467983e-05,5.17366307092036e-05,1.67709433096167e-05,0.555542804682121,0.156759238007804,6207,3
"554",9.88830617397292e-05,9.2370094101446e-05,5.64703924718843e-05,1.87691071838421e-05,0.389258664218499,0.166169382602708,4840,3
"555",9.43883406013312e-05,9.07041542345651e-05,6.58423226991049e-05,1.44169153086986e-05,0.398095019508836,0.138053706678908,4672,3
"556",8.15736745467065e-05,7.50578379619004e-05,7.8417833371586e-05,2.07683038788157e-05,0.639316043148956,0.114528345191646,6569,3
"557",8.27212531558412e-05,7.62905669038329e-05,7.66008721597429e-05,1.74130135414276e-05,0.61234794583429,0.109478999311453,6290,3
"558",8.22431719072757e-05,7.46237089740647e-05,7.26799403259123e-05,1.74125545099839e-05,0.721712187284829,0.111888914390636,7264,3
"559",8.21474638512738e-05,7.5130020656415e-05,6.07738122561395e-05,1.68435850355749e-05,0.736056919899013,0.118430112462704,7446,3
"560",8.39645398209777e-05,7.66505623135185e-05,5.57531558411751e-05,9.27817305485426e-06,0.687170071149874,0.173399127840257,7499,3
"561",8.07129905898554e-05,7.64335551985311e-05,8.02349093412899e-05,1.64882946981868e-05,0.529492770254762,0.270254762451228,6969,3
"562",8.5590199678678e-05,8.09267844847372e-05,8.23866192334175e-05,1.91263484048657e-05,0.471769566215286,0.220335092953867,6031,3
"563",8.75984622446638e-05,8.30990360339683e-05,7.40188202891898e-05,1.88417489098003e-05,0.658939637365159,0.124856552673858,6830,3
"564",9.39101445949047e-05,8.67205646086757e-05,5.80483130594446e-05,1.31316272664678e-05,0.673054854257517,0.105691989901308,6786,3
"565",9.10411980720679e-05,8.55615102134496e-05,6.62248106495295e-05,1.57725499196695e-05,0.563920128528804,0.0916915308698646,5713,3
"566",8.83635529033739e-05,8.20107872389259e-05,6.89025705760845e-05,1.89842781730549e-05,0.654464080789534,0.101904980491164,6591,3
"567",7.64095708056002e-05,7.03494376864815e-05,9.68747991737434e-05,2.39806059215056e-05,0.58790452145972,0.085724122102364,5870,3
"568",6.83765205416571e-05,6.31067248106495e-05,9.93134037181547e-05,2.44778517328437e-05,0.366651365618545,0.145053936194629,4459,3
"569",7.66008721597429e-05,7.15084920817076e-05,8.75028689465228e-05,1.07781501032821e-05,0.558411751204958,0.291943998163874,7410,3
"570",8.51121184301125e-05,7.91848749139316e-05,7.96611200367225e-05,1.59149644250631e-05,0.669153086986459,0.130250172136791,6966,3
"571",8.61639889832453e-05,8.10706908423227e-05,7.51663988983245e-05,2.42660087215974e-05,0.740417718613725,0.130823961441359,7592,3
"572",8.31038558641267e-05,7.50578379619004e-05,5.16410374110627e-05,1.89120954785403e-05,0.779205875602479,0.158710121643333,8173,3
"573",8.9128643562084e-05,8.48362405324765e-05,6.84722285976589e-05,3.26845306403489e-05,0.668464539820978,0.118889143906358,6861,3
"574",8.97024328666514e-05,8.42571723663071e-05,6.82330732155153e-05,1.7557034656874e-05,0.647808124856553,0.144480146890062,6904,3
"575",8.67377782878127e-05,8.00555428046821e-05,7.03847831076429e-05,1.80571494147349e-05,0.510787238925866,0.256369061280698,6685,3
"576",8.2816961211843e-05,7.66505623135185e-05,7.15802157447785e-05,1.95542804682121e-05,0.509983933899472,0.247073674546706,6597,3
"577",8.38688317649759e-05,7.86076428735368e-05,7.67443194858848e-05,1.76287583199449e-05,0.696006426440211,0.119348175350011,7105,3
"578",8.18605691989901e-05,7.60725269680973e-05,8.08086986458572e-05,1.89838191416112e-05,0.717007114987377,0.111085609364241,7216,3
"579",8.23387652054166e-05,7.65788386504476e-05,7.77484507688777e-05,1.62014000459031e-05,0.746614643103053,0.12324994262107,7580,3
"580",8.63552903373881e-05,8.11439063575855e-05,7.5692334174891e-05,1.48443883406013e-05,0.720449850814781,0.112806977277944,7261,3
"581",8.78853568969474e-05,8.29546706449392e-05,7.37319256369061e-05,2.47638283222401e-05,0.670989212761074,0.152398439293092,7175,3
"582",9.10411980720679e-05,8.62137938948818e-05,7.03847831076429e-05,2.95453293550608e-05,0.514000459031444,0.269107183842093,6824,3
"583",8.8267959605233e-05,8.38970621987606e-05,7.48795042460408e-05,3.33280927243516e-05,0.431145283451916,0.195891668579298,5464,3
"584",8.63552903373881e-05,8.15063116823502e-05,7.50708056001836e-05,1.48443883406013e-05,0.663300436079871,0.141496442506312,7013,3
"585",8.44426210695433e-05,8.00574936883177e-05,8.07608446178563e-05,1.34161120036723e-05,0.687973376176268,0.146660546247418,7273,3
"586",8.60683956851044e-05,8.12160890521001e-05,7.72225154923112e-05,1.27036952031214e-05,0.719646545788386,0.144939178333716,7534,3
"587",8.67377782878127e-05,8.02740417718614e-05,7.11977277943539e-05,1.79137020885931e-05,0.698875372963048,0.137250401652513,7286,3
"588",8.21474638512738e-05,7.66515951342667e-05,8.21474638512738e-05,2.74056690383291e-05,0.541771861372504,0.122217121872848,5786,3
"589",7.94698186825798e-05,7.32461556116594e-05,8.41079871471196e-05,2.36950883635529e-05,0.464998852421391,0.257860913472573,6299,3
"590",8.04260959375717e-05,7.39705072297452e-05,6.08695203121414e-05,1.40592150562314e-05,0.500573789304567,0.250401652513197,6544,3
"591",8.27212531558412e-05,7.59988524213909e-05,6.25908882258435e-05,1.56313977507459e-05,0.65136561854487,0.138512738122561,6883,3
"592",8.33907505164104e-05,7.76657103511591e-05,7.88004360798715e-05,1.94122102364012e-05,0.649070461326601,0.129446867110397,6784,3
"593",8.10955932981409e-05,7.50558870782649e-05,7.11020197383521e-05,1.94825568051412e-05,0.705646086756943,0.13747991737434,7347,3
"594",8.25300665595593e-05,7.51305944457195e-05,5.95784943768648e-05,1.62722056460868e-05,0.719187514344733,0.153546017902226,7605,3
"595",8.30081478081249e-05,2.78173054854258e-05,6.55075740188203e-05,2.65496901537755e-05,0.650103282074822,0.17018590773468,7148,3
"596",7.78440440670186e-05,7.09285058526509e-05,6.92372044985081e-05,2.04116364470966e-05,0.578150103282075,0.324420472802387,7865,3
"597",7.2966834978196e-05,6.926256598577e-05,8.16693826027083e-05,9.9208170759697e-06,0.383406013311912,0.138627495983475,4549,3
"598",7.2966834978196e-05,6.83918980950195e-05,8.42514344732614e-05,1.49161120036723e-05,0.631627266467753,0.117741565297223,6530,3
"599",7.44970162956163e-05,6.89723433555199e-05,7.73181087904521e-05,8.35102134496213e-06,0.679940325912325,0.124053247647464,7006,3
"600",7.66008721597429e-05,7.13626348404866e-05,7.77005967408767e-05,8.06556116593987e-06,0.720794124397521,0.125545099839339,7375,3
"601",7.98523066330044e-05,7.31016754647693e-05,7.2966834978196e-05,9.70803305026394e-06,0.734679825568051,0.156414964425063,7765,3
"602",8.06173972917145e-05,7.42598117971081e-05,7.05760844617856e-05,8.27929768189121e-06,0.718039935735598,0.152054165710351,7582,3
"603",7.59314895570347e-05,7.10002295157218e-05,8.18128299288501e-05,2.804773927014e-05,0.484737204498508,0.209892127610741,6053,3
"604",7.49750975441818e-05,6.8395226072986e-05,9.70659857700252e-05,2.62632545329355e-05,0.432866651365619,0.17018590773468,5255,3
"605",8.07129905898554e-05,7.51305944457195e-05,8.38210924948359e-05,1.47731237089741e-05,0.680284599495065,0.113495524443424,6917,3
"606",8.35819371126922e-05,7.64344732614184e-05,7.1149873766353e-05,2.19101445949048e-05,0.70059674087675,0.107298599954097,7040,3
"607",7.86091347257287e-05,7.29553591921047e-05,6.33558641266927e-05,1.29173743401423e-05,0.748221253155841,0.135070002295157,7697,3
"608",8.10955932981409e-05,7.49115216892357e-05,6.77549919669497e-05,8.84974753270599e-06,0.750631168235024,0.13449621299059,7713,3
"609",8.76941703006656e-05,7.9114069313748e-05,6.74202432866651e-05,1.93404865733303e-05,0.679022263025017,0.164448014689006,7350,3
"610",8.6450883635529e-05,8.06350700022952e-05,7.32537296304797e-05,1.29890980032132e-05,0.434702777140234,0.269910488868488,6140,3
"611",7.99480146890062e-05,7.44778517328437e-05,9.35276566444801e-05,7.35262795501492e-06,0.366880881340372,0.299862290566904,5810,3
"612",8.11911865962818e-05,7.59271287583199e-05,9.07543034197843e-05,1.73423226991049e-05,0.46694973605692,0.225499196694974,6034,3
"613",8.32950424604085e-05,7.88257975671334e-05,8.66421849896718e-05,2.71196924489328e-05,0.688202891898095,0.0994950654119807,6864,3
"614",8.45383291255451e-05,8.13613725040165e-05,8.50642644021115e-05,2.15524443424375e-05,0.720679366536608,0.0954785402800092,7112,3
"615",7.99480146890062e-05,7.52041542345651e-05,9.30017213679137e-05,1.63439293091577e-05,0.641725958228139,0.0701170530181317,6203,3
"616",8.07129905898554e-05,7.54193252237778e-05,8.44904750975442e-05,1.96977277943539e-05,0.741221023640119,0.119921964654579,7504,3
"617",7.5644594904751e-05,7.01309387193023e-05,9.17106954326371e-05,3.22588937342208e-05,0.507114987376635,0.178677989442277,5976,3
"618",7.00022951572183e-05,6.64361946293321e-05,6.28299288501262e-05,2.57626807436309e-05,0.649185219187514,0.294927702547625,8227,3
"619",6.69420472802387e-05,6.49132430571494e-05,5.78092724351618e-05,2.96893504705072e-05,0.735253614872619,0.128299288501262,7525,3
"620",6.62726646775304e-05,6.36093642414505e-05,5.96740876750057e-05,1.0563943080101e-05,0.768533394537526,0.122790911177416,7767,3
"621",6.87591232499426e-05,6.54205875602479e-05,6.62248106495295e-05,1.51303649299977e-05,0.782648611429883,0.120495753959146,7870,3
"622",7.0289189809502e-05,6.65088363552903e-05,7.31102823043378e-05,9.49286206105118e-06,0.77461556116594,0.1209547854028,7804,3
"623",7.26799403259123e-05,6.81756942850585e-05,7.71746614643103e-05,1.1919095708056e-05,0.760844617856323,0.158251090199679,8009,3
"624",6.98109938030755e-05,6.72328436997934e-05,5.7570231810879e-05,2.84049804911636e-05,0.637365159513427,0.362634840486573,8714,3
"625",6.65595593298141e-05,6.46230204268992e-05,6.54119807206794e-05,1.0349242598118e-05,0.592953867339913,0.248565526738582,7333,3
"626",6.6655152627955e-05,6.3466834978196e-05,8.42991737434014e-05,1.74135873307322e-05,0.670989212761074,0.117282533853569,6869,3
"627",7.15323617167776e-05,6.48458801927932e-05,0.000100126233647005,4.10359192104659e-05,0.424833601101675,0.0425751663988983,4073,3
"628",6.34037181546936e-05,6.20156070690842e-05,6.15867569428506e-05,2.46930227220565e-05,0.780697727794354,0.0904291943998164,7591,3
"629",6.27343355519853e-05,6.10732155152628e-05,7.09585724122102e-05,1.35605921505623e-05,0.778173054854257,0.107757631397751,7720,3
"630",6.87591232499426e-05,6.56381684645398e-05,7.67443194858848e-05,1.7698990130824e-05,0.79378012393849,0.143447326141841,8167,3
"631",7.45926095937572e-05,7.0058296993344e-05,7.42101216433326e-05,3.25433784714253e-05,0.675120495753959,0.288271746614643,8395,3
"632",6.07260729859995e-05,5.95516410374111e-05,5.36014459490475e-05,2.56206105118201e-05,0.625774615561166,0.281615790681662,7907,4
"633",5.90047050722975e-05,5.76673169612118e-05,5.65661005278862e-05,1.63419784255221e-05,0.738466834978196,0.114872618774386,7436,4
"634",6.31168235024099e-05,6.24488179940326e-05,6.54119807206794e-05,2.71196924489328e-05,0.768074363093872,0.0969703924718843,7538,4
"635",7.28712416800551e-05,6.84660316731696e-05,7.23930456736286e-05,2.80468212072527e-05,0.79710810190498,0.0903144365389029,7733,4
"636",7.45926095937572e-05,6.97699104888685e-05,7.9278517328437e-05,1.54168005508377e-05,0.762221712187285,0.0861831535460179,7393,4
"637",7.10542804682121e-05,6.72323846683498e-05,7.91829240302961e-05,1.8840830846913e-05,0.73100757401882,0.119921964654579,7415,4
"638",6.22561395455589e-05,6.08556346109708e-05,6.23039935735598e-05,2.611934817535e-05,0.684645398209777,0.29710810190498,8555,4
"639",6.04391783337159e-05,5.9405898554051e-05,6.69420472802387e-05,1.54874913931604e-05,0.559329814092265,0.231237089740647,6889,4
"640",5.97696809731467e-05,5.8756024787698e-05,7.44970162956163e-05,1.04204957539591e-05,0.690268533394538,0.0875602478769796,6778,4
"641",6.78027312370897e-05,6.22369749827863e-05,0.000100030640348864,1.1989327518935e-05,0.496212990589855,0.0361487261877439,4639,4
"642",7.54532935506082e-05,6.87552214826716e-05,9.10890521000689e-05,7.63665366077576e-06,0.785402800091806,0.083543722745008,7572,4
"643",7.54532935506082e-05,6.97699104888685e-05,8.29604085379849e-05,1.3489327518935e-05,0.738696350700023,0.102249254073904,7328,4
"644",7.05760844617856e-05,6.65810190498049e-05,7.2010557723204e-05,1.22044985081478e-05,0.761992196465458,0.173972917144824,8156,4
"645",6.35950195088363e-05,6.17995180169842e-05,7.62183842093183e-05,3.07579756713335e-05,0.566215285747074,0.347831076428735,7965,4
"646",4.7720105577232e-05,4.81768418636677e-05,8.12867798944228e-05,1.61994491622676e-05,0.313174202432867,0.0896258893734221,3510,4
"647",4.39904750975442e-05,4.44810649529493e-05,8.14302272205646e-05,2.17671563002066e-05,0.528345191645628,0.100298370438375,5478,4
"648",5.1258549460638e-05,5.02767959605233e-05,8.74072756483819e-05,2.18384209318338e-05,0.66456277254992,0.068969474408997,6392,4
"649",5.90047050722975e-05,5.77394996557264e-05,7.23930456736286e-05,2.15539361946293e-05,0.793091576773009,0.0895111315125086,7691,4
"650",4.99196694973606e-05,4.94798026164792e-05,5.3171103970622e-05,2.0839568510443e-05,0.773008951113151,0.0957080560018361,7570,4
"651",5.02065641496442e-05,4.96983015836585e-05,6.18736515951343e-05,2.69786550378701e-05,0.714023410603626,0.121643332568281,7282,4
"652",4.51380537066789e-05,4.49157677300895e-05,5.6757287124168e-05,1.67709433096167e-05,0.557378930456736,0.25843470277714,7109,4
"653",5.98653890291485e-05,5.83204039476704e-05,7.34928850126234e-05,3.19729171448244e-05,0.523181087904521,0.238696350700023,6639,4
"654",6.44557034656874e-05,6.18717007114987e-05,8.11911865962818e-05,3.39725728712417e-05,0.586986458572412,0.0872159742942391,5875,4
"655",5.37448932751894e-05,5.28857011705302e-05,6.40731007574019e-05,2.09112921735139e-05,0.758778976359881,0.105806747762222,7534,4
"656",5.23104200137709e-05,5.16534312600413e-05,7.95176727105807e-05,1.16331191186596e-05,0.743860454441129,0.11234794583429,7461,4
"657",5.99609823272894e-05,5.88277484507689e-05,8.35819371126922e-05,2.71903832912555e-05,0.746040853798485,0.11567592380078,7509,4
"658",6.46468900619692e-05,6.17277943539132e-05,9.35276566444801e-05,1.54870323617168e-05,0.53603396832683,0.0864126692678448,5424,4
"659",5.55619692448933e-05,5.42623364700482e-05,6.5746729400964e-05,1.34882946981868e-05,0.606380537066789,0.322010557723204,8090,4
"660",5.32668120266238e-05,5.23788156988754e-05,5.8526509065871e-05,1.90560018361258e-05,0.538443883406013,0.244663759467524,6824,4
"661",5.59444571953179e-05,5.54213908652743e-05,6.52206793665366e-05,9.35084920817076e-06,0.714711957769107,0.0952490245581822,7058,4
"662",6.24474408997016e-05,6.08565526738582e-05,7.36363323387652e-05,1.0849873766353e-05,0.760270828551756,0.0965113610282304,7466,4
"663",6.74202432866651e-05,6.41176268074363e-05,7.30146890061969e-05,8.3519853109938e-06,0.791599724581134,0.0912324994262107,7693,4
"664",6.31168235024099e-05,6.07858618315355e-05,9.1854142758779e-05,1.42730089511132e-05,0.744089970162956,0.100413128299289,7359,4
"665",6.26386274959835e-05,5.99896717925178e-05,9.26191186596282e-05,1.5201629561625e-05,0.718613725040165,0.135643791599725,7444,4
"666",6.08216662841405e-05,5.91155611659399e-05,8.26256598577002e-05,2.70475097544182e-05,0.597773697498279,0.303305026394308,7852,4
"667",5.47968785861832e-05,5.3680399357356e-05,7.97088593068625e-05,4.56745467064494e-05,0.397176956621529,0.114528345191646,4459,4
"668",5.04934588019279e-05,5.04246040853799e-05,0.000100986917603856,4.11062657792059e-05,0.00229515721826945,0.000229515721826945,22,4
"669",3.65138857011705e-05,3.55644939178334e-05,9.47274500803305e-05,2.44444571953179e-05,0.115790681661694,0.00998393389947211,1096,4
"670",4.10259352765664e-05,4.14390635758549e-05,7.6505278861602e-05,1.91263484048657e-05,0.590658710121643,0.048083543722745,5566,4
"671",4.19822125315584e-05,4.24537525820519e-05,6.67508606839569e-05,1.80566903832913e-05,0.633463392242369,0.0534771631856782,5986,4
"672",4.07390406242828e-05,4.08586183153546e-05,5.99131282992885e-05,3.05456736286436e-05,0.600068854716548,0.0709203580445261,5847,4
"673",3.94001606610053e-05,3.71638742253844e-05,5.63747991737434e-05,3.10453293550608e-05,0.471540050493459,0.118085838879963,5138,4
"674",3.73918980950195e-05,3.78170759697039e-05,6.11564149644251e-05,2.05540509524902e-05,0.448244204728024,0.137824190957081,5107,4
"675",3.66269221941703e-05,3.53540280009181e-05,5.6709547854028e-05,2.71201514803764e-05,0.56013311911866,0.0433784714252926,5259,4
"676",3.22277943539132e-05,3.23120266238237e-05,6.50772320403948e-05,1.99119807206794e-05,0.599036033968327,0.0534771631856782,5686,4
"677",3.39491622676153e-05,3.15149185219188e-05,6.28299288501262e-05,3.48987835666743e-05,0.540394767041542,0.0374110626577921,5035,4
"678",4.04147349093413e-05,3.9234679825568e-05,3.8269221941703e-05,3.99168005508377e-05,0.570920358044526,0.0390176727105807,5315,4
"679",4.15041312829929e-05,4.078643562084e-05,6.20648381914161e-05,2.46222171218728e-05,0.606265779205876,0.0813633233876521,5992,4
"680",4.46599724581134e-05,4.52073674546706e-05,7.40666743171907e-05,6.63826027082855e-06,0.510213449621299,0.239843929309158,6536,4
"681",4.82938948817994e-05,4.83948817994033e-05,7.5644594904751e-05,1.46316272664678e-05,0.523525361487262,0.262795501491852,6852,4
"682",5.56575625430342e-05,5.45539361946293e-05,8.51121184301125e-05,1.9912439752123e-05,0.59352765664448,0.125889373422079,6269,4
"683",3.94001606610053e-05,3.70926095937572e-05,7.60749368831765e-05,3.92524672940096e-05,0.432292862061051,0.0375258205187055,4094,4
"684",3.31841863667661e-05,3.23115675923801e-05,6.33558641266927e-05,2.2908537984852e-05,0.587789763598807,0.0428046821207253,5495,4
"685",3.6913816846454e-05,3.72380078035345e-05,7.11977277943539e-05,1.75564608675694e-05,0.588134037181547,0.0367225154923112,5445,4
"686",3.9591462015148e-05,3.98443883406013e-05,6.02000229515722e-05,1.96264631627266e-05,0.598347486802846,0.0555428046821207,5698,4
"687",3.72963047968786e-05,3.74550149185219e-05,6.25908882258435e-05,2.06253155841175e-05,0.495294927702548,0.150677071379389,5629,4
"688",3.93045673628644e-05,3.87590084920817e-05,7.95176727105807e-05,2.61202662382373e-05,0.429997704842782,0.105806747762222,4669,4
"689",4.37035804452605e-05,4.31054624741795e-05,7.15323617167776e-05,2.69757860913473e-05,0.579527197613037,0.0515262795501492,5499,4
"690",4.29386045444113e-05,4.36845306403489e-05,7.86091347257287e-05,9.49334404406702e-06,0.58526509065871,0.0612806977277944,5634,4
"691",4.054773927014e-05,4.18742253844388e-05,7.04326371356438e-05,1.18482901078724e-05,0.519967867798944,0.0705760844617856,5146,4
"692",3.90176727105807e-05,4.02078264861143e-05,6.6607413357815e-05,6.06733991278403e-06,0.168694055542805,0.109593757172366,2425,4
"693",4.22691071838421e-05,4.34678677989442e-05,6.52685333945375e-05,1.69865733302731e-05,0.264746385127381,0.183956851044297,3910,4
"694",3.19408997016296e-05,2.8545099839339e-05,4.64290796419555e-05,4.32489098003213e-05,0.20025246729401,0.0610511820059674,2277,4
"695",2.82112692219417e-05,2.9559674087675e-05,5.37448932751894e-05,1.72710580674776e-05,0.242712875831994,0.035460179022263,2424,4
"696",3.59574248336011e-05,3.89033738811109e-05,6.14433096167088e-05,5.3534542116135e-06,0.545099839338995,0.0386733991278403,5087,4
"697",3.34710810190498e-05,3.23109938030755e-05,9.02762221712187e-05,2.72621069543264e-05,0.440211154464081,0.0141152168923571,3959,4
"698",3.40448703236172e-05,3.32524672940096e-05,5.80961670874455e-05,2.41933669956392e-05,0.580904291943998,0.0227220564608676,5260,4
"699",3.2232040394767e-05,3.42462703695203e-05,6.37654349322929e-05,1.32570576084462e-05,0.582969933440441,0.0278861602019738,5323,4
"700",3.4236056919899e-05,3.71662841404636e-05,7.45447555657563e-05,6.70998393389947e-06,0.608905210006885,0.0415423456506771,5668,4
"701",3.4236056919899e-05,3.63672251549231e-05,9.25713793894882e-05,6.85152627955015e-06,0.486573330273124,0.109134725728712,5191,4
"702",3.98783566674317e-05,4.12219417030067e-05,9.44839338994721e-05,1.42734679825568e-05,0.431145283451916,0.102364011934818,4649,4
"703",5.19279320633463e-05,5.23061739729171e-05,8.80766582510902e-05,9.49286206105118e-06,0.651709892127611,0.0636906128069773,6234,4
"704",5.46055772320404e-05,5.3827633692908e-05,8.42035804452605e-05,1.99826715630021e-05,0.694858847831076,0.0632315813633234,6606,4
"705",5.03021574477852e-05,4.91177415652972e-05,5.56575625430342e-05,3.71839568510443e-05,0.619462933210925,0.0379848519623594,5729,4
"706",2.93588478310764e-05,2.96309387193023e-05,5.83830617397292e-05,2.0054395226073e-05,0.577805829699334,0.0390176727105807,5375,4
"707",3.68181087904521e-05,3.69472113839798e-05,8.76941703006656e-05,1.49873766352995e-05,0.534656873995869,0.0400504934588019,5008,4
"708",4.37992885012623e-05,4.46991048886849e-05,0.000104573100757402,1.16340371815469e-05,0.50826256598577,0.132315813633234,5582,4
"709",4.4086183153546e-05,4.47723204039477e-05,0.000103903718154694,1.81288730778058e-05,0.319830158365848,0.0506082166628414,3228,4
"710",5.00152627955015e-05,4.99856552673858e-05,0.000106151021344962,2.18393389947211e-05,0.555542804682121,0.0377553362405325,5170,4
"711",4.054773927014e-05,3.88298140922653e-05,6.84722285976589e-05,3.39725728712417e-05,0.598921276107413,0.0323617167775993,5501,4
"712",3.41404636217581e-05,3.41218728482901e-05,6.17779435391324e-05,1.86983015836585e-05,0.574822125315584,0.0355749368831765,5319,4
"713",3.39491622676153e-05,3.37603855864127e-05,5.57531558411751e-05,1.99826715630021e-05,0.586068395685104,0.0487720908882258,5532,4
"714",3.23235024099151e-05,3.37608446178563e-05,7.3779779664907e-05,1.50595593298141e-05,0.594675235253615,0.0492311223318797,5611,4
"715",3.72007114987377e-05,3.88321092494836e-05,7.46404636217581e-05,1.22044985081478e-05,0.491163644709663,0.0880192793206335,5047,4
"716",4.15997245811338e-05,4.24532935506082e-05,9.62531558411751e-05,1.15609364241451e-05,0.372733532246959,0.0617397291714482,3786,4
"717",4.51380537066789e-05,4.60752811567592e-05,0.000104094904750975,1.12759123249943e-05,0.501836125774616,0.0243286665136562,4585,4
"718",4.71463162726647e-05,4.7017213679137e-05,7.64574248336011e-05,2.54078494376865e-05,0.588019279320633,0.0496901537755336,5557,4
"719",3.81569887537296e-05,3.92657792058756e-05,7.17715170989213e-05,2.1126004131283e-05,0.566215285747074,0.0382143676841864,5267,4
"720",3.78700941014459e-05,3.84687858618315e-05,7.66487261877439e-05,1.52011705301813e-05,0.437686481523984,0.0360339683268304,4128,4
"721",3.74876061510213e-05,3.46301354142759e-05,6.388191416112e-05,4.29633922423686e-05,0.390406242827634,0.0253614872618774,3623,1
"722",3.05064264402112e-05,2.70958228138627e-05,5.06369061280698e-05,4.67461556116594e-05,0.177186137250402,0.0235253614872619,1749,1
"723",2.82112692219417e-05,2.97763369290796e-05,5.91481523984393e-05,1.52723204039477e-05,0.158251090199679,0.0468212072526968,1787,1
"724",2.65439522607299e-05,2.97108101904981e-05,9.08083543722745e-05,8.86279550149185e-06,0.0856093642414505,0.0199678677989442,920,1
"725",3.34294239155382e-05,3.37921735138857e-05,8.43221253155841e-05,1.93626348404866e-05,0.0657562543034198,0.0504934588019279,1013,1
"726",2.7924374569658e-05,2.52849437686482e-05,9.44839338994721e-05,3.63261418407161e-05,0.0495753959146202,0.00103282074822125,441,1
"727",2.91676612347946e-05,2.60089511131513e-05,7.49273582740418e-05,4.01805141152169e-05,0.214252926325453,0.0283451916456277,2114,1
"728",2.90719531787927e-05,2.92685333945375e-05,6.77071379389488e-05,1.78415193940785e-05,0.281271517098921,0.0739040624282763,3095,1
"729",2.90719531787927e-05,2.78173054854258e-05,8.6403144365389e-05,1.42739270140005e-05,0.135643791599725,0.0182464998852421,1341,1
"730",2.93588478310764e-05,2.65893963736516e-05,5.54662611888914e-05,4.02517787468442e-05,0.164333256828093,0.041771861372504,1796,1
"731",2.47685333945375e-05,2.56468900619692e-05,6.62726646775304e-05,1.77697957310076e-05,0.262795501491852,0.0503787009410145,2729,1
